,Team,Age,W,L,PW,PL,MOV,SOS,SRS,ORtg,DRtg,NRtg,Pace,FTr,3PAr,TS%,eFG%,TOV%,ORB%,FT/FGA,eFG%.1,TOV%.1,DRB%,FT/FGA.1,Attend.,Attend./G,Year
0,Oklahoma City Thunder,26.0,60.0,22.0,64,18,9.21,-0.06,9.15,112.4,102.6,9.8,93.3,0.338,0.244,0.58,0.527,14.4,26.7,0.28,0.469,13.5,73.4,0.197,746323.0,18203.0,2013
1,Miami Heat,30.3,66.0,16.0,62,20,7.87,-0.84,7.03,112.3,103.7,8.6,90.7,0.297,0.285,0.588,0.552,13.7,22.2,0.224,0.487,14.8,73.0,0.2,819290.0,19983.0,2013
2,Los Angeles Clippers,28.8,56.0,26.0,59,23,6.45,-0.02,6.43,110.6,103.6,7.0,91.1,0.286,0.265,0.557,0.526,13.9,28.8,0.203,0.492,15.4,73.5,0.229,788293.0,19227.0,2013
3,San Antonio Spurs,28.6,58.0,24.0,58,24,6.4,0.27,6.67,108.3,101.6,6.7,94.2,0.258,0.264,0.568,0.531,14.0,20.5,0.204,0.48,13.7,74.9,0.179,755700.0,18432.0,2013
4,Denver Nuggets,26.1,57.0,25.0,55,27,5.09,0.28,5.37,110.4,105.1,5.3,95.1,0.308,0.217,0.549,0.515,13.6,31.4,0.216,0.493,14.3,71.8,0.193,730616.0,17820.0,2013
5,New York Knicks,30.2,54.0,28.0,53,29,4.23,-0.5,3.73,111.1,106.3,4.8,89.8,0.258,0.354,0.55,0.515,11.7,25.6,0.196,0.508,14.8,74.7,0.216,780353.0,19033.0,2013
6,Memphis Grizzlies,27.0,56.0,26.0,54,28,4.15,0.18,4.32,104.9,100.3,4.6,88.4,0.261,0.166,0.514,0.472,13.3,31.0,0.202,0.475,15.2,74.3,0.209,681613.0,16625.0,2013
7,Indiana Pacers,25.7,49.0,32.0,52,29,4.02,-0.69,3.34,104.3,99.8,4.5,90.2,0.293,0.245,0.521,0.479,14.3,30.3,0.219,0.453,12.9,74.6,0.197,626069.0,15270.0,2013
8,Houston Rockets,24.4,45.0,37.0,50,32,3.48,0.22,3.69,109.7,106.1,3.6,96.1,0.308,0.349,0.564,0.525,14.9,26.4,0.232,0.502,13.5,75.2,0.196,683564.0,16672.0,2013
9,Brooklyn Nets,28.6,49.0,33.0,46,36,1.78,-0.53,1.25,108.2,106.2,2.0,88.8,0.299,0.269,0.536,0.498,14.0,30.9,0.219,0.503,13.1,73.7,0.174,704702.0,17188.0,2013
10,Los Angeles Lakers,30.7,45.0,37.0,44,38,1.16,0.32,1.48,107.8,106.6,1.2,94.4,0.345,0.303,0.548,0.512,13.9,27.0,0.239,0.496,11.9,74.3,0.163,778877.0,18997.0,2013
11,Golden State Warriors,25.3,47.0,35.0,44,38,0.89,0.42,1.32,106.4,105.5,0.9,94.5,0.255,0.239,0.545,0.506,14.0,25.4,0.201,0.486,12.4,75.5,0.211,794320.0,19374.0,2013
12,Atlanta Hawks,27.1,44.0,38.0,42,40,0.4,-0.48,-0.08,104.8,104.4,0.4,92.6,0.244,0.286,0.546,0.517,14.2,22.2,0.174,0.496,14.2,73.6,0.181,620146.0,15126.0,2013
13,Chicago Bulls,28.0,45.0,37.0,42,40,0.32,-0.33,-0.02,103.5,103.2,0.3,89.3,0.259,0.189,0.512,0.47,13.6,29.4,0.201,0.477,13.2,73.6,0.206,896944.0,21877.0,2013
14,Utah Jazz,26.3,43.0,39.0,41,41,-0.09,0.38,0.3,106.7,106.8,-0.1,90.9,0.281,0.206,0.533,0.492,13.8,28.8,0.214,0.501,14.0,73.2,0.226,763915.0,18632.0,2013
15,Boston Celtics,29.1,41.0,40.0,40,41,-0.22,-0.4,-0.62,103.1,103.3,-0.2,91.7,0.263,0.215,0.542,0.503,14.1,20.1,0.204,0.482,14.2,73.3,0.216,744960.0,18624.0,2013
16,Dallas Mavericks,29.5,41.0,41.0,39,43,-0.6,0.36,-0.24,105.9,106.5,-0.6,94.1,0.242,0.236,0.544,0.506,13.0,21.8,0.192,0.492,13.3,73.1,0.227,821490.0,20036.0,2013
17,Milwaukee Bucks,26.4,38.0,44.0,37,45,-1.5,-0.33,-1.83,103.6,105.2,-1.6,94.7,0.236,0.232,0.51,0.476,12.7,27.9,0.174,0.492,14.4,71.3,0.201,616469.0,15036.0,2013
18,Toronto Raptors,25.4,34.0,48.0,37,45,-1.48,-0.48,-1.96,105.9,107.5,-1.6,90.4,0.274,0.249,0.532,0.488,13.0,25.5,0.216,0.5,13.6,73.4,0.247,743936.0,18145.0,2013
19,Minnesota Timberwolves,26.4,31.0,51.0,34,48,-2.37,0.54,-1.83,102.9,105.4,-2.5,92.8,0.305,0.22,0.516,0.473,13.8,27.4,0.226,0.511,15.0,74.0,0.187,669956.0,16340.0,2013
20,Washington Wizards,25.4,29.0,53.0,33,49,-2.54,-0.25,-2.78,100.2,103.0,-2.8,92.2,0.261,0.223,0.512,0.475,14.2,24.6,0.191,0.483,13.7,74.6,0.206,670070.0,16343.0,2013
21,Portland Trail Blazers,24.4,33.0,49.0,32,50,-3.17,0.65,-2.53,105.8,109.2,-3.4,91.4,0.25,0.284,0.536,0.498,13.9,25.3,0.194,0.512,12.5,73.3,0.189,813012.0,19830.0,2013
22,Philadelphia 76ers,25.2,34.0,48.0,31,51,-3.34,-0.17,-3.51,102.0,105.7,-3.7,91.0,0.2,0.209,0.509,0.481,12.5,24.9,0.146,0.495,13.7,73.4,0.2,685412.0,16717.0,2013
23,Detroit Pistons,25.3,29.0,53.0,29,53,-3.99,-0.34,-4.33,103.8,108.1,-4.3,90.8,0.282,0.217,0.521,0.487,14.3,28.3,0.197,0.505,13.1,73.0,0.209,606094.0,14685.0,2013
24,New Orleans Hornets,24.0,27.0,55.0,30,52,-3.87,0.75,-3.12,105.7,110.1,-4.4,88.5,0.248,0.224,0.528,0.489,14.0,29.2,0.193,0.52,13.1,74.4,0.208,565930.0,13803.0,2013
25,Cleveland Cavaliers,24.1,24.0,58.0,28,54,-4.68,-0.19,-4.87,104.3,109.4,-5.1,92.3,0.265,0.229,0.514,0.473,13.0,28.1,0.2,0.523,14.4,72.6,0.225,663882.0,16192.0,2013
26,Sacramento Kings,25.6,28.0,54.0,28,54,-4.88,0.62,-4.26,106.2,111.4,-5.2,93.6,0.271,0.243,0.532,0.491,13.4,26.6,0.208,0.517,13.6,71.0,0.227,563743.0,13750.0,2013
27,Phoenix Suns,26.9,25.0,57.0,23,59,-6.46,0.71,-5.75,101.2,108.1,-6.9,93.4,0.234,0.21,0.512,0.477,14.3,27.0,0.174,0.512,14.2,71.9,0.208,632913.0,15437.0,2013
28,Orlando Magic,24.6,20.0,62.0,22,60,-6.99,-0.14,-7.12,101.6,109.1,-7.5,92.2,0.197,0.223,0.514,0.485,13.7,25.4,0.149,0.508,11.8,74.6,0.195,722716.0,17627.0,2013
29,Charlotte Bobcats,24.4,21.0,61.0,17,65,-9.23,-0.06,-9.29,101.5,111.5,-10.0,91.5,0.31,0.21,0.507,0.46,13.2,25.7,0.233,0.524,13.2,71.1,0.197,628293.0,15324.0,2013
0,San Antonio Spurs,28.9,62.0,20.0,61,21,7.72,0.28,8.0,110.5,102.4,8.1,95.0,0.24,0.257,0.571,0.537,13.5,22.7,0.188,0.482,12.8,76.4,0.184,755031.0,18415.0,2014
1,Los Angeles Clippers,28.1,57.0,25.0,59,23,6.98,0.3,7.27,112.1,104.8,7.3,95.9,0.353,0.291,0.567,0.526,12.7,25.0,0.258,0.484,13.8,72.5,0.222,787692.0,19212.0,2014
2,Oklahoma City Thunder,26.2,59.0,23.0,58,24,6.34,0.32,6.66,110.5,103.9,6.6,95.4,0.303,0.271,0.566,0.52,14.0,26.5,0.244,0.488,13.9,75.6,0.221,746323.0,18203.0,2014
3,Miami Heat,30.6,54.0,28.0,54,28,4.76,-0.61,4.15,110.9,105.8,5.1,91.2,0.3,0.292,0.59,0.554,14.6,20.6,0.228,0.511,15.8,73.0,0.212,811036.0,19781.0,2014
4,Golden State Warriors,26.3,51.0,31.0,54,28,4.8,0.34,5.15,107.5,102.6,4.9,96.2,0.247,0.291,0.55,0.517,13.8,25.1,0.186,0.477,13.6,76.3,0.224,803436.0,19596.0,2014
5,Indiana Pacers,27.2,56.0,26.0,54,28,4.4,-0.77,3.63,104.1,99.3,4.8,92.5,0.29,0.235,0.535,0.49,14.3,24.9,0.226,0.46,12.9,76.8,0.197,717542.0,17501.0,2014
6,Houston Rockets,25.4,54.0,28.0,53,29,4.56,0.5,5.06,111.0,106.3,4.7,96.3,0.386,0.33,0.571,0.531,14.6,27.4,0.275,0.489,12.5,74.1,0.193,743082.0,18124.0,2014
7,Portland Trail Blazers,25.8,54.0,28.0,52,30,3.99,0.45,4.44,111.5,107.4,4.1,94.9,0.27,0.29,0.548,0.504,12.4,28.0,0.22,0.488,11.0,74.7,0.194,809612.0,19747.0,2014
8,Toronto Raptors,25.6,48.0,34.0,50,32,3.24,-0.69,2.55,108.8,105.3,3.5,91.8,0.306,0.285,0.545,0.498,13.2,27.2,0.239,0.493,14.1,74.9,0.237,748339.0,18252.0,2014
9,Phoenix Suns,26.2,48.0,34.0,48,34,2.63,0.39,3.02,109.5,106.7,2.8,95.8,0.293,0.3,0.558,0.519,14.0,26.4,0.222,0.496,13.9,73.7,0.237,650739.0,15872.0,2014
10,Minnesota Timberwolves,26.3,40.0,42.0,48,34,2.67,0.43,3.1,108.9,106.2,2.7,97.3,0.321,0.245,0.535,0.486,12.2,27.4,0.249,0.518,14.8,74.4,0.177,597157.0,14565.0,2014
11,Dallas Mavericks,30.6,49.0,33.0,48,34,2.4,0.5,2.91,111.2,108.7,2.5,93.5,0.253,0.274,0.564,0.526,12.7,24.6,0.201,0.515,14.8,72.7,0.229,817982.0,19951.0,2014
12,Chicago Bulls,28.6,48.0,34.0,47,35,1.85,-0.66,1.2,102.5,100.5,2.0,90.2,0.29,0.222,0.518,0.471,14.2,27.2,0.226,0.471,13.7,75.4,0.189,890370.0,21716.0,2014
13,Memphis Grizzlies,28.5,50.0,32.0,46,36,1.57,0.61,2.18,106.3,104.6,1.7,89.9,0.248,0.171,0.529,0.494,13.1,28.3,0.184,0.497,13.8,75.7,0.199,685458.0,16718.0,2014
14,Washington Wizards,26.3,44.0,38.0,45,37,1.27,-0.79,0.48,106.0,104.6,1.4,93.2,0.248,0.246,0.538,0.506,13.6,25.2,0.181,0.504,15.0,75.7,0.22,698068.0,17026.0,2014
15,Charlotte Bobcats,25.5,43.0,39.0,40,42,-0.22,-0.67,-0.89,103.6,103.8,-0.2,92.4,0.297,0.219,0.522,0.481,11.7,21.9,0.219,0.491,12.6,77.6,0.183,636268.0,15519.0,2014
16,Atlanta Hawks,27.5,38.0,44.0,40,42,-0.48,-0.4,-0.88,105.9,106.4,-0.5,94.6,0.266,0.316,0.554,0.515,14.3,21.0,0.208,0.51,14.0,74.4,0.196,587927.0,14231.0,2014
17,New York Knicks,28.3,37.0,45.0,39,43,-0.79,-0.61,-1.4,108.3,109.1,-0.8,90.3,0.248,0.302,0.541,0.505,12.5,25.1,0.189,0.514,14.0,74.3,0.245,812292.0,19812.0,2014
18,Brooklyn Nets,30.0,44.0,38.0,38,44,-1.0,-0.58,-1.58,106.7,107.7,-1.0,91.4,0.313,0.301,0.555,0.514,14.1,21.7,0.236,0.509,14.9,72.3,0.236,707331.0,17252.0,2014
19,Denver Nuggets,26.0,36.0,46.0,35,47,-2.15,0.75,-1.4,106.0,108.2,-2.2,98.1,0.306,0.278,0.536,0.497,14.0,27.5,0.222,0.5,12.8,74.5,0.233,692898.0,16900.0,2014
20,New Orleans Pelicans,24.3,34.0,48.0,33,49,-2.71,0.73,-1.98,107.2,110.1,-2.9,92.2,0.286,0.193,0.537,0.495,12.9,26.9,0.22,0.515,13.6,73.8,0.249,672029.0,16391.0,2014
21,Sacramento Kings,24.9,28.0,54.0,33,49,-2.9,0.82,-2.08,105.7,108.8,-3.1,94.4,0.331,0.218,0.532,0.484,13.9,27.8,0.251,0.512,12.7,76.6,0.234,667949.0,16291.0,2014
22,Cleveland Cavaliers,24.9,33.0,49.0,32,50,-3.29,-0.57,-3.86,104.2,107.7,-3.5,93.1,0.268,0.236,0.518,0.479,13.0,27.2,0.201,0.508,13.0,75.8,0.199,710522.0,17330.0,2014
23,Detroit Pistons,24.7,29.0,53.0,31,51,-3.66,-0.48,-4.13,105.9,109.7,-3.8,94.9,0.296,0.222,0.514,0.482,12.9,31.4,0.199,0.52,13.8,73.4,0.218,616005.0,15025.0,2014
24,Boston Celtics,25.4,25.0,57.0,28,54,-4.46,-0.51,-4.97,102.9,107.7,-4.8,93.3,0.248,0.251,0.517,0.477,14.2,27.4,0.193,0.505,13.4,74.2,0.227,742400.0,18107.0,2014
25,Orlando Magic,24.6,23.0,59.0,26,56,-5.44,-0.44,-5.88,101.7,107.4,-5.7,93.6,0.253,0.235,0.525,0.487,13.9,22.4,0.193,0.504,13.0,75.5,0.211,666046.0,16245.0,2014
26,Los Angeles Lakers,26.8,27.0,55.0,25,57,-6.29,0.96,-5.33,104.2,110.6,-6.4,98.7,0.263,0.291,0.542,0.505,13.7,20.2,0.199,0.513,12.4,71.0,0.192,771974.0,18829.0,2014
27,Utah Jazz,24.5,25.0,57.0,22,60,-7.17,0.91,-6.27,103.5,111.3,-7.8,91.4,0.271,0.237,0.523,0.484,13.9,25.5,0.202,0.518,12.1,74.5,0.227,745203.0,18176.0,2014
28,Milwaukee Bucks,24.7,15.0,67.0,20,62,-8.18,-0.23,-8.41,103.0,111.8,-8.8,91.8,0.274,0.231,0.519,0.479,14.1,27.1,0.204,0.52,13.2,71.4,0.225,552067.0,13465.0,2014
29,Philadelphia 76ers,23.4,19.0,63.0,16,66,-10.45,-0.21,-10.66,99.4,109.9,-10.5,99.2,0.268,0.258,0.51,0.475,14.8,24.8,0.19,0.524,14.9,72.4,0.244,568632.0,13869.0,2014
0,Golden State Warriors,26.6,67.0,15.0,65,17,10.1,-0.09,10.01,111.6,101.4,10.2,98.3,0.239,0.311,0.571,0.54,13.1,24.1,0.184,0.47,14.3,74.5,0.217,803436.0,19596.0,2015
1,Los Angeles Clippers,28.8,56.0,26.0,58,24,6.59,0.22,6.8,112.4,105.5,6.9,94.7,0.303,0.322,0.565,0.533,11.6,22.8,0.215,0.493,13.2,75.7,0.231,785892.0,19168.0,2015
2,San Antonio Spurs,29.8,55.0,27.0,58,24,6.2,0.14,6.34,108.5,102.0,6.5,93.8,0.256,0.269,0.555,0.517,13.1,23.4,0.2,0.484,13.3,77.3,0.19,762855.0,18606.0,2015
3,Atlanta Hawks,27.8,60.0,22.0,56,26,5.43,-0.68,4.75,108.9,103.1,5.8,93.9,0.259,0.321,0.563,0.527,13.5,21.4,0.201,0.492,14.9,73.4,0.185,713909.0,17412.0,2015
4,Cleveland Cavaliers,26.9,53.0,29.0,53,29,4.48,-0.4,4.08,111.1,106.3,4.8,92.3,0.287,0.334,0.557,0.52,13.4,26.8,0.216,0.502,12.6,74.7,0.177,843042.0,20562.0,2015
5,Portland Trail Blazers,27.0,51.0,31.0,53,29,4.23,0.18,4.41,108.2,103.7,4.5,94.2,0.225,0.316,0.544,0.508,12.6,24.2,0.18,0.476,11.3,76.2,0.182,798368.0,19472.0,2015
6,Houston Rockets,27.6,56.0,26.0,50,32,3.44,0.38,3.82,107.0,103.4,3.6,96.5,0.312,0.392,0.548,0.512,15.0,26.8,0.223,0.486,14.6,72.9,0.208,747412.0,18230.0,2015
7,Memphis Grizzlies,29.6,55.0,27.0,50,32,3.24,0.38,3.62,105.7,102.2,3.5,92.0,0.276,0.184,0.531,0.489,12.6,24.7,0.214,0.492,14.5,75.3,0.183,710502.0,17329.0,2015
8,Toronto Raptors,26.1,49.0,33.0,49,33,3.07,-0.62,2.45,111.0,107.7,3.3,92.8,0.295,0.302,0.553,0.508,12.0,25.6,0.232,0.506,13.4,73.3,0.208,809824.0,19752.0,2015
9,Chicago Bulls,28.8,50.0,32.0,50,32,3.0,-0.46,2.54,107.5,104.3,3.2,92.8,0.304,0.269,0.536,0.489,12.9,27.0,0.238,0.473,11.3,74.4,0.182,886612.0,21625.0,2015
10,Dallas Mavericks,29.9,50.0,32.0,49,33,2.9,0.46,3.36,109.5,106.4,3.1,95.2,0.262,0.296,0.55,0.515,11.9,23.6,0.197,0.503,14.7,72.2,0.204,827702.0,20188.0,2015
11,Oklahoma City Thunder,25.4,45.0,37.0,47,35,2.18,0.28,2.47,107.8,105.5,2.3,95.7,0.284,0.262,0.532,0.492,13.1,28.9,0.214,0.489,12.4,75.6,0.213,746323.0,18203.0,2015
12,New Orleans Pelicans,25.3,45.0,37.0,43,39,0.79,0.34,1.13,108.2,107.3,0.9,91.4,0.263,0.233,0.537,0.501,12.5,27.1,0.198,0.496,11.7,75.1,0.195,683757.0,16677.0,2015
13,Washington Wizards,28.6,46.0,36.0,43,39,0.72,-0.55,0.17,103.7,103.0,0.7,93.7,0.259,0.203,0.534,0.499,14.0,24.9,0.192,0.481,12.9,77.3,0.21,747796.0,18239.0,2015
14,Milwaukee Bucks,24.6,41.0,41.0,42,40,0.43,-0.52,-0.09,102.7,102.2,0.5,94.1,0.258,0.223,0.536,0.499,15.5,25.4,0.195,0.487,15.9,73.3,0.221,593910.0,14813.0,2015
15,Indiana Pacers,28.3,38.0,44.0,42,40,0.28,-0.51,-0.23,103.5,103.2,0.3,93.2,0.266,0.255,0.523,0.484,13.1,24.0,0.201,0.478,12.0,77.9,0.217,691434.0,16864.0,2015
16,Utah Jazz,23.4,38.0,44.0,42,40,0.22,0.49,0.71,105.1,104.9,0.2,90.4,0.297,0.274,0.531,0.494,14.6,29.1,0.214,0.491,12.8,76.3,0.199,772059.0,18831.0,2015
17,Boston Celtics,25.0,40.0,42.0,41,41,0.16,-0.56,-0.4,104.7,104.5,0.2,95.8,0.233,0.28,0.523,0.489,12.5,24.7,0.176,0.494,13.7,75.0,0.208,721350.0,17594.0,2015
18,Phoenix Suns,25.7,39.0,43.0,38,44,-0.9,0.52,-0.38,105.3,106.2,-0.9,96.3,0.251,0.291,0.537,0.501,13.7,24.5,0.191,0.497,14.0,73.5,0.221,693862.0,16923.0,2015
19,Detroit Pistons,25.9,32.0,50.0,38,44,-1.0,-0.39,-1.39,105.3,106.4,-1.1,92.8,0.261,0.29,0.515,0.482,12.3,27.7,0.184,0.502,13.2,75.0,0.192,625917.0,15266.0,2015
20,Miami Heat,28.5,37.0,45.0,33,49,-2.6,-0.32,-2.92,103.9,106.7,-2.8,90.9,0.306,0.262,0.54,0.5,14.5,23.2,0.227,0.505,14.2,73.4,0.213,808223.0,19713.0,2015
21,Brooklyn Nets,28.6,38.0,44.0,33,49,-2.88,-0.25,-3.13,104.4,107.4,-3.0,92.7,0.267,0.24,0.529,0.491,13.0,23.9,0.2,0.506,12.9,73.7,0.185,698529.0,17037.0,2015
22,Charlotte Hornets,26.0,33.0,49.0,32,50,-3.17,-0.27,-3.44,100.1,103.5,-3.4,93.0,0.269,0.226,0.498,0.456,11.2,22.1,0.202,0.487,12.0,79.3,0.188,704886.0,17192.0,2015
23,Denver Nuggets,26.4,30.0,52.0,31,51,-3.55,0.48,-3.07,104.5,108.2,-3.7,96.1,0.278,0.284,0.518,0.479,12.7,26.6,0.204,0.504,13.0,74.7,0.239,602707.0,14700.0,2015
24,Sacramento Kings,26.0,29.0,53.0,31,51,-3.71,0.64,-3.07,105.3,109.2,-3.9,95.4,0.363,0.204,0.542,0.49,14.8,26.5,0.276,0.507,11.8,75.2,0.2,680049.0,16587.0,2015
25,Orlando Magic,24.3,25.0,57.0,25,57,-5.72,-0.15,-5.87,101.6,107.7,-6.1,93.8,0.23,0.235,0.524,0.494,14.0,23.1,0.168,0.514,13.6,76.0,0.21,688194.0,16785.0,2015
26,Los Angeles Lakers,27.0,21.0,61.0,23,59,-6.84,0.67,-6.17,103.4,110.6,-7.2,94.0,0.276,0.22,0.513,0.473,12.1,25.4,0.204,0.518,12.1,76.3,0.231,768244.0,18738.0,2015
27,Minnesota Timberwolves,24.4,16.0,66.0,19,63,-8.79,0.79,-8.0,102.9,112.2,-9.3,94.4,0.309,0.179,0.517,0.468,13.7,26.6,0.24,0.537,13.9,71.6,0.187,595652.0,14416.0,2015
28,Philadelphia 76ers,23.2,18.0,64.0,18,64,-8.98,-0.07,-9.04,95.5,104.8,-9.3,95.7,0.288,0.319,0.494,0.459,16.0,25.5,0.195,0.497,15.2,73.0,0.225,571572.0,13941.0,2015
29,New York Knicks,26.9,17.0,65.0,17,65,-9.32,-0.18,-9.5,99.9,110.0,-10.1,91.2,0.234,0.24,0.508,0.47,14.0,24.5,0.18,0.512,13.3,73.1,0.234,812292.0,19812.0,2015
0,San Antonio Spurs,30.3,67.0,15.0,67,15,10.63,-0.36,10.28,110.3,99.0,11.3,93.8,0.246,0.223,0.564,0.526,12.4,23.0,0.197,0.477,14.1,79.1,0.182,756445.0,18450.0,2016
1,Golden State Warriors,27.4,73.0,9.0,65,17,10.76,-0.38,10.38,114.5,103.8,10.7,99.3,0.25,0.362,0.593,0.563,13.5,23.5,0.191,0.479,12.6,76.0,0.208,803436.0,19596.0,2016
2,Oklahoma City Thunder,25.8,55.0,27.0,59,23,7.28,-0.19,7.09,113.1,105.6,7.5,96.7,0.292,0.275,0.565,0.524,14.0,31.1,0.228,0.484,11.7,76.0,0.205,746323.0,18203.0,2016
3,Cleveland Cavaliers,28.1,57.0,25.0,57,25,6.0,-0.55,5.45,110.9,104.5,6.4,93.3,0.259,0.352,0.558,0.524,12.7,25.1,0.194,0.496,12.6,78.5,0.205,843042.0,20562.0,2016
4,Toronto Raptors,26.3,56.0,26.0,53,29,4.5,-0.42,4.08,110.0,105.2,4.8,92.9,0.328,0.287,0.552,0.504,12.3,24.6,0.255,0.498,12.7,77.7,0.201,812863.0,19826.0,2016
5,Los Angeles Clippers,29.7,53.0,29.0,53,29,4.28,-0.15,4.13,108.3,103.8,4.5,95.8,0.318,0.324,0.556,0.524,12.1,20.1,0.22,0.48,13.8,73.8,0.222,786910.0,19193.0,2016
6,Atlanta Hawks,28.2,48.0,34.0,51,31,3.61,-0.12,3.49,105.1,101.4,3.7,97.1,0.237,0.336,0.552,0.516,13.8,19.1,0.185,0.48,14.4,74.6,0.194,690150.0,16833.0,2016
7,Boston Celtics,25.2,48.0,34.0,50,32,3.21,-0.37,2.84,106.8,103.6,3.2,98.5,0.264,0.293,0.531,0.488,12.1,25.1,0.208,0.487,14.6,74.6,0.231,749076.0,18270.0,2016
8,Charlotte Hornets,26.0,48.0,34.0,49,33,2.72,-0.36,2.36,107.1,104.3,2.8,95.7,0.28,0.348,0.545,0.502,11.7,20.0,0.222,0.496,12.5,79.8,0.191,716894.0,17485.0,2016
9,Utah Jazz,24.2,40.0,42.0,46,36,1.79,0.05,1.84,105.9,103.9,2.0,91.0,0.286,0.297,0.54,0.501,14.2,25.9,0.213,0.495,13.5,77.7,0.21,791489.0,19305.0,2016
10,Miami Heat,28.4,48.0,34.0,46,36,1.65,-0.14,1.5,106.1,104.4,1.7,93.6,0.282,0.221,0.545,0.508,13.3,23.8,0.21,0.485,12.1,77.8,0.196,809350.0,19740.0,2016
11,Indiana Pacers,26.9,45.0,37.0,46,36,1.71,-0.09,1.62,104.6,102.9,1.7,96.6,0.268,0.27,0.536,0.497,13.5,23.4,0.205,0.489,14.3,76.0,0.205,690733.0,16847.0,2016
12,Portland Trail Blazers,24.3,44.0,38.0,43,39,0.83,0.15,0.98,108.8,108.0,0.8,96.0,0.268,0.332,0.548,0.511,13.2,25.9,0.202,0.503,12.1,76.2,0.225,794085.0,19368.0,2016
13,Detroit Pistons,25.0,44.0,38.0,43,39,0.61,-0.18,0.43,106.1,105.5,0.6,95.1,0.296,0.303,0.522,0.491,12.2,27.0,0.197,0.504,12.5,79.3,0.196,677138.0,16516.0,2016
14,Houston Rockets,27.8,41.0,41.0,42,40,0.2,0.14,0.34,108.3,108.1,0.2,97.6,0.352,0.37,0.553,0.516,14.2,25.7,0.244,0.516,14.7,72.8,0.219,737244.0,17982.0,2016
15,Dallas Mavericks,30.3,42.0,40.0,40,42,-0.3,0.29,-0.02,106.7,107.0,-0.3,94.3,0.265,0.339,0.544,0.502,12.0,20.6,0.211,0.504,12.8,76.2,0.198,825901.0,20144.0,2016
16,Washington Wizards,27.3,41.0,41.0,40,42,-0.5,0.0,-0.5,105.3,105.8,-0.5,98.5,0.263,0.282,0.544,0.511,13.1,20.6,0.192,0.515,14.6,77.7,0.218,725426.0,17693.0,2016
17,Chicago Bulls,27.6,42.0,40.0,37,45,-1.48,0.01,-1.46,105.0,106.5,-1.5,95.7,0.24,0.244,0.526,0.487,12.6,24.5,0.189,0.485,10.7,74.9,0.182,894659.0,21821.0,2016
18,Orlando Magic,23.9,35.0,47.0,36,46,-1.62,-0.06,-1.68,105.1,106.8,-1.7,96.0,0.232,0.255,0.533,0.5,12.8,23.1,0.175,0.513,13.8,76.5,0.215,719275.0,17515.0,2016
19,Sacramento Kings,26.6,33.0,49.0,34,48,-2.48,0.16,-2.32,106.0,108.4,-2.4,100.0,0.295,0.26,0.546,0.51,14.2,23.9,0.214,0.521,14.0,74.9,0.202,707526.0,17222.0,2016
20,Memphis Grizzlies,30.5,42.0,40.0,35,47,-2.24,0.11,-2.14,105.4,107.8,-2.4,93.3,0.295,0.222,0.524,0.477,12.3,25.3,0.231,0.518,15.2,75.1,0.251,701894.0,17119.0,2016
21,New York Knicks,27.2,32.0,50.0,33,49,-2.73,0.0,-2.74,104.6,107.6,-3.0,93.4,0.255,0.256,0.527,0.483,12.6,23.7,0.205,0.487,10.5,75.8,0.204,812292.0,19812.0,2016
22,Denver Nuggets,24.7,33.0,49.0,33,49,-3.1,0.29,-2.81,105.6,108.9,-3.3,95.7,0.282,0.277,0.531,0.489,13.2,25.8,0.216,0.515,12.6,77.3,0.216,577898.0,14095.0,2016
23,Minnesota Timberwolves,24.6,29.0,53.0,31,51,-3.54,0.15,-3.38,106.5,110.1,-3.6,95.2,0.332,0.202,0.549,0.498,13.9,24.3,0.263,0.524,13.6,74.7,0.2,581178.0,14175.0,2016
24,New Orleans Pelicans,26.6,30.0,52.0,31,51,-3.79,0.24,-3.56,105.6,109.5,-3.9,96.8,0.259,0.277,0.537,0.498,12.3,21.2,0.201,0.523,12.7,78.8,0.225,688549.0,16794.0,2016
25,Milwaukee Bucks,23.5,33.0,49.0,29,53,-4.18,0.2,-3.98,104.3,108.7,-4.4,94.2,0.276,0.189,0.537,0.499,14.2,24.9,0.207,0.51,14.2,73.1,0.221,621808.0,15166.0,2016
26,Phoenix Suns,26.0,23.0,59.0,24,58,-6.66,0.34,-6.32,102.2,109.0,-6.8,98.5,0.271,0.302,0.526,0.487,15.2,25.4,0.204,0.523,13.5,77.1,0.237,701405.0,17107.0,2016
27,Brooklyn Nets,26.9,21.0,61.0,22,60,-7.35,0.24,-7.12,103.2,110.9,-7.7,95.2,0.246,0.218,0.527,0.492,13.6,24.1,0.186,0.534,13.1,75.7,0.176,620142.0,15125.0,2016
28,Los Angeles Lakers,26.5,17.0,65.0,17,65,-9.56,0.64,-8.92,101.6,111.6,-10.0,95.6,0.292,0.29,0.509,0.46,12.5,23.1,0.228,0.523,11.6,74.7,0.202,778877.0,18997.0,2016
29,Philadelphia 76ers,23.3,10.0,72.0,16,66,-10.23,0.31,-9.92,98.8,109.2,-10.4,97.9,0.269,0.327,0.519,0.487,14.8,20.6,0.186,0.51,13.5,74.0,0.24,614650.0,14991.0,2016
0,Golden State Warriors,28.2,67.0,15.0,67,15,11.63,-0.28,11.35,115.6,104.0,11.6,99.8,0.259,0.359,0.597,0.563,13.2,22.8,0.204,0.486,13.5,74.9,0.198,803436.0,19596.0,2017
1,San Antonio Spurs,29.6,61.0,21.0,60,22,7.2,-0.06,7.13,111.1,103.5,7.6,94.2,0.263,0.281,0.564,0.524,12.6,24.0,0.21,0.492,13.5,77.6,0.192,755347.0,18423.0,2017
2,Houston Rockets,27.4,55.0,27.0,55,27,5.77,0.08,5.84,114.7,109.0,5.7,100.0,0.304,0.462,0.583,0.545,13.3,24.6,0.233,0.519,13.2,75.8,0.194,695903.0,16973.0,2017
3,Toronto Raptors,26.1,51.0,31.0,52,30,4.21,-0.56,3.65,112.3,107.8,4.5,94.7,0.293,0.289,0.561,0.517,11.8,25.0,0.233,0.507,13.5,76.3,0.223,813050.0,19830.0,2017
4,Los Angeles Clippers,30.0,51.0,31.0,52,30,4.29,0.13,4.42,112.7,108.2,4.5,96.1,0.312,0.329,0.574,0.537,12.0,21.5,0.233,0.506,12.1,76.9,0.211,782609.0,19088.0,2017
5,Utah Jazz,26.8,51.0,31.0,52,30,3.94,0.06,4.0,109.6,105.3,4.3,91.6,0.288,0.327,0.563,0.526,13.2,23.2,0.215,0.493,11.8,78.9,0.195,806142.0,19662.0,2017
6,Cleveland Cavaliers,29.2,51.0,31.0,49,33,3.18,-0.31,2.87,113.6,110.3,3.3,96.2,0.275,0.399,0.58,0.547,12.6,21.9,0.206,0.516,11.4,75.8,0.174,843042.0,20562.0,2017
7,Boston Celtics,25.9,53.0,29.0,48,34,2.63,-0.39,2.25,111.2,108.4,2.8,96.8,0.273,0.393,0.567,0.525,12.2,21.2,0.22,0.503,12.6,75.3,0.223,760690.0,18553.0,2017
8,Washington Wizards,26.0,49.0,33.0,46,36,1.8,-0.45,1.36,111.2,109.3,1.9,97.4,0.254,0.284,0.564,0.528,12.8,24.1,0.199,0.524,13.8,75.5,0.213,697107.0,17003.0,2017
9,Miami Heat,26.5,41.0,41.0,44,38,1.06,-0.29,0.77,107.8,106.7,1.1,95.2,0.251,0.314,0.541,0.512,12.4,24.2,0.177,0.496,12.6,76.4,0.22,805400.0,19644.0,2017
10,Oklahoma City Thunder,24.7,47.0,35.0,43,39,0.76,0.39,1.14,108.3,107.5,0.8,97.8,0.295,0.295,0.54,0.5,13.2,27.9,0.22,0.511,12.5,79.0,0.218,746323.0,18203.0,2017
11,Memphis Grizzlies,29.5,43.0,39.0,42,40,0.49,0.47,0.96,107.7,107.1,0.6,92.3,0.28,0.316,0.535,0.491,12.1,24.8,0.219,0.506,13.6,77.5,0.256,677314.0,16520.0,2017
12,Denver Nuggets,25.2,40.0,42.0,42,40,0.51,0.19,0.7,113.2,112.7,0.5,98.3,0.276,0.329,0.568,0.53,13.2,27.3,0.214,0.532,10.9,78.7,0.194,605585.0,14672.0,2017
13,Chicago Bulls,26.9,41.0,41.0,42,40,0.43,-0.39,0.03,107.4,107.0,0.4,95.3,0.259,0.256,0.53,0.487,12.3,27.0,0.206,0.507,12.4,76.8,0.169,888882.0,21680.0,2017
14,Charlotte Hornets,26.5,36.0,46.0,42,40,0.2,-0.26,-0.07,108.8,108.6,0.2,95.7,0.279,0.335,0.547,0.501,10.7,19.9,0.227,0.523,12.1,79.6,0.164,710643.0,17333.0,2017
15,Indiana Pacers,27.0,42.0,40.0,40,42,-0.22,-0.42,-0.64,108.6,108.8,-0.2,95.9,0.261,0.272,0.558,0.516,12.8,21.2,0.212,0.512,13.6,75.5,0.225,684578.0,16697.0,2017
16,Milwaukee Bucks,25.6,42.0,40.0,40,42,-0.18,-0.26,-0.45,109.1,109.3,-0.2,94.5,0.274,0.29,0.565,0.527,13.2,21.5,0.21,0.518,13.6,75.4,0.215,648952.0,15828.0,2017
17,Portland Trail Blazers,24.8,41.0,41.0,40,42,-0.52,0.3,-0.23,110.3,110.8,-0.5,96.7,0.275,0.322,0.559,0.52,12.5,23.0,0.214,0.508,11.6,76.8,0.241,792029.0,19318.0,2017
18,Atlanta Hawks,27.9,43.0,39.0,39,43,-0.85,-0.38,-1.23,104.9,105.7,-0.8,97.4,0.295,0.309,0.541,0.504,14.2,23.6,0.215,0.507,13.8,76.1,0.179,654306.0,15959.0,2017
19,Detroit Pistons,25.4,37.0,45.0,38,44,-1.12,-0.17,-1.29,106.0,107.1,-1.1,95.0,0.218,0.263,0.521,0.492,10.9,24.1,0.157,0.516,12.1,81.2,0.197,655141.0,15979.0,2017
20,Minnesota Timberwolves,24.0,31.0,51.0,38,44,-1.11,0.47,-0.64,110.8,112.0,-1.2,94.6,0.287,0.249,0.555,0.511,12.9,27.2,0.229,0.535,13.2,75.9,0.212,607203.0,14810.0,2017
21,New Orleans Pelicans,25.7,34.0,48.0,35,47,-2.1,0.41,-1.69,105.2,107.4,-2.2,98.0,0.256,0.308,0.539,0.504,11.7,18.5,0.192,0.509,12.4,76.8,0.177,663099.0,16173.0,2017
22,Dallas Mavericks,27.6,33.0,49.0,33,49,-2.93,0.4,-2.53,105.6,108.8,-3.2,92.2,0.225,0.366,0.541,0.505,11.6,18.1,0.18,0.529,14.4,77.6,0.218,811366.0,19789.0,2017
23,New York Knicks,27.3,31.0,51.0,31,51,-3.67,-0.2,-3.87,107.7,111.5,-3.8,96.0,0.239,0.279,0.534,0.496,12.4,26.6,0.188,0.511,11.7,74.1,0.214,810741.0,19774.0,2017
24,Sacramento Kings,27.9,32.0,50.0,31,51,-3.88,0.58,-3.29,107.3,111.3,-4.0,94.9,0.284,0.291,0.556,0.516,13.7,21.0,0.22,0.528,12.9,76.3,0.227,721928.0,17608.0,2017
25,Phoenix Suns,25.0,24.0,58.0,27,55,-5.63,0.49,-5.14,106.6,112.2,-5.6,100.3,0.297,0.255,0.538,0.493,13.4,26.0,0.231,0.525,13.1,76.4,0.264,708639.0,17134.0,2017
26,Philadelphia 76ers,24.6,28.0,54.0,26,56,-5.7,-0.14,-5.83,103.2,108.9,-5.7,98.5,0.258,0.349,0.539,0.501,14.9,22.4,0.199,0.512,13.5,75.3,0.234,710557.0,17331.0,2017
27,Brooklyn Nets,26.0,20.0,62.0,24,58,-6.73,-0.01,-6.74,104.1,110.7,-6.6,101.3,0.289,0.371,0.551,0.507,14.7,19.6,0.228,0.513,11.6,76.1,0.212,632608.0,15429.0,2017
28,Orlando Magic,25.3,29.0,53.0,24,58,-6.57,-0.04,-6.61,103.7,110.5,-6.8,96.8,0.246,0.3,0.524,0.489,12.1,21.6,0.184,0.523,11.9,77.4,0.201,727875.0,17753.0,2017
29,Los Angeles Lakers,25.1,26.0,56.0,24,58,-6.88,0.58,-6.29,106.0,113.0,-7.0,98.5,0.259,0.295,0.537,0.501,13.5,25.0,0.195,0.542,13.0,75.8,0.213,776917.0,18949.0,2017
0,Houston Rockets,29.8,65.0,17.0,61,21,8.48,-0.27,8.21,114.7,106.1,8.6,97.6,0.298,0.502,0.59,0.551,12.7,21.3,0.233,0.521,13.4,79.9,0.171,732722.0,17871.0,2018
1,Toronto Raptors,25.8,59.0,23.0,60,22,7.78,-0.49,7.29,113.8,105.9,7.9,97.4,0.25,0.377,0.575,0.539,12.1,23.0,0.198,0.501,13.0,77.7,0.212,813431.0,19840.0,2018
2,Golden State Warriors,28.8,58.0,24.0,56,26,5.98,-0.19,5.79,113.6,107.6,6.0,99.6,0.239,0.339,0.603,0.569,14.1,21.0,0.195,0.504,12.6,76.3,0.186,803436.0,19596.0,2018
3,Utah Jazz,26.7,48.0,34.0,53,29,4.3,0.17,4.47,108.4,103.9,4.5,95.7,0.26,0.357,0.564,0.527,13.7,21.5,0.202,0.506,14.0,79.8,0.19,734806.0,17922.0,2018
4,Philadelphia 76ers,25.8,52.0,30.0,53,29,4.5,-0.2,4.3,109.5,105.0,4.5,99.8,0.263,0.344,0.568,0.535,14.6,25.3,0.198,0.492,12.6,78.6,0.218,833503.0,20361.0,2018
5,Boston Celtics,24.7,55.0,27.0,51,31,3.59,-0.35,3.23,107.6,103.9,3.7,96.0,0.243,0.357,0.552,0.518,13.0,21.5,0.188,0.495,13.0,78.4,0.191,763584.0,18624.0,2018
6,Oklahoma City Thunder,27.3,48.0,34.0,50,32,3.41,0.0,3.42,110.7,107.2,3.5,96.7,0.275,0.345,0.546,0.514,12.4,27.7,0.197,0.525,14.7,77.4,0.193,746322.0,18203.0,2018
7,San Antonio Spurs,29.3,47.0,35.0,49,33,2.89,0.0,2.89,107.9,104.8,3.1,95.0,0.245,0.282,0.543,0.507,12.2,23.7,0.189,0.507,13.2,78.6,0.17,754562.0,18404.0,2018
8,Portland Trail Blazers,25.6,49.0,33.0,48,34,2.6,0.0,2.6,109.1,106.4,2.7,96.5,0.24,0.324,0.549,0.511,12.3,23.3,0.192,0.503,11.7,79.1,0.193,795750.0,19409.0,2018
9,Minnesota Timberwolves,27.1,47.0,35.0,47,35,2.23,0.12,2.35,113.4,111.1,2.3,96.0,0.28,0.261,0.566,0.523,11.4,24.4,0.225,0.539,13.9,76.4,0.189,699308.0,17056.0,2018
10,Denver Nuggets,25.1,46.0,36.0,45,37,1.48,0.09,1.57,112.5,111.0,1.5,96.8,0.258,0.357,0.57,0.536,13.4,25.7,0.198,0.539,12.6,77.5,0.173,702796.0,17141.0,2018
11,Indiana Pacers,26.2,48.0,34.0,45,37,1.38,-0.2,1.18,109.5,108.1,1.4,96.0,0.222,0.284,0.557,0.525,12.3,22.7,0.173,0.527,14.2,76.2,0.174,658119.0,16052.0,2018
12,New Orleans Pelicans,27.6,48.0,34.0,44,38,1.3,0.18,1.48,109.6,108.3,1.3,100.5,0.237,0.319,0.573,0.541,13.3,20.0,0.183,0.513,12.5,76.7,0.175,673920.0,16437.0,2018
13,Cleveland Cavaliers,30.6,50.0,32.0,43,39,0.94,-0.35,0.59,112.9,111.9,1.0,98.0,0.275,0.379,0.584,0.547,12.6,20.1,0.214,0.54,12.2,77.3,0.166,843042.0,20562.0,2018
14,Washington Wizards,26.9,43.0,39.0,43,39,0.59,-0.06,0.53,109.3,108.7,0.6,96.6,0.254,0.31,0.56,0.525,13.3,23.5,0.196,0.522,13.6,77.1,0.212,739302.0,18032.0,2018
15,Miami Heat,26.5,44.0,38.0,42,40,0.48,-0.33,0.15,106.8,106.3,0.5,95.6,0.229,0.358,0.551,0.52,13.3,21.5,0.173,0.507,13.1,79.0,0.215,804850.0,19630.0,2018
16,Charlotte Hornets,26.6,36.0,46.0,42,40,0.26,-0.19,0.07,109.4,109.1,0.3,98.4,0.312,0.314,0.549,0.508,11.4,22.2,0.233,0.532,12.4,80.7,0.165,671404.0,16376.0,2018
17,Los Angeles Clippers,27.0,42.0,40.0,41,41,0.04,0.11,0.15,110.3,110.2,0.1,98.7,0.299,0.314,0.564,0.527,13.2,23.5,0.222,0.52,12.6,76.1,0.203,697812.0,17020.0,2018
18,Detroit Pistons,25.9,39.0,43.0,41,41,-0.15,-0.11,-0.26,107.2,107.3,-0.1,96.2,0.227,0.333,0.543,0.512,12.3,22.7,0.169,0.524,13.7,78.5,0.172,713945.0,17413.0,2018
19,Milwaukee Bucks,25.9,44.0,38.0,40,42,-0.3,-0.15,-0.45,109.8,110.1,-0.3,96.2,0.281,0.297,0.571,0.531,12.9,20.4,0.22,0.528,14.2,75.9,0.22,685303.0,16856.0,2018
20,Los Angeles Lakers,23.7,35.0,47.0,37,45,-1.55,0.11,-1.44,106.5,108.0,-1.5,100.3,0.264,0.329,0.548,0.517,13.8,23.6,0.188,0.514,12.5,77.7,0.19,776327.0,18935.0,2018
21,Dallas Mavericks,27.7,24.0,58.0,33,49,-3.04,0.34,-2.7,106.3,109.5,-3.2,95.6,0.217,0.382,0.544,0.513,11.6,18.0,0.166,0.532,12.9,78.9,0.193,811453.0,19792.0,2018
22,New York Knicks,26.3,29.0,53.0,32,50,-3.56,0.03,-3.53,107.1,110.7,-3.6,96.8,0.216,0.266,0.544,0.51,13.3,24.1,0.17,0.522,12.2,76.7,0.208,792608.0,19332.0,2018
23,Brooklyn Nets,25.1,28.0,54.0,31,51,-3.74,0.07,-3.67,106.9,110.6,-3.7,98.9,0.26,0.411,0.551,0.514,13.6,21.0,0.201,0.517,11.0,77.0,0.201,640010.0,15376.0,2018
24,Orlando Magic,25.6,25.0,57.0,28,54,-4.82,-0.1,-4.92,105.2,110.1,-4.9,98.1,0.238,0.342,0.545,0.512,13.3,20.0,0.18,0.525,12.8,75.6,0.187,734531.0,17915.0,2018
25,Atlanta Hawks,25.4,24.0,58.0,27,55,-5.45,0.15,-5.3,105.0,110.6,-5.6,98.3,0.236,0.363,0.547,0.512,14.1,21.1,0.185,0.536,13.6,76.2,0.183,590769.0,14409.0,2018
26,Memphis Grizzlies,26.0,22.0,60.0,25,57,-6.21,0.39,-5.81,104.5,111.0,-6.5,94.9,0.255,0.317,0.539,0.5,14.0,22.4,0.201,0.529,13.8,76.5,0.256,653863.0,15948.0,2018
27,Chicago Bulls,24.4,27.0,55.0,23,59,-7.04,0.2,-6.84,103.8,110.9,-7.1,98.3,0.216,0.35,0.529,0.497,12.6,20.6,0.164,0.542,12.4,80.6,0.184,851824.0,20776.0,2018
28,Sacramento Kings,26.4,27.0,55.0,23,59,-6.99,0.39,-6.6,103.7,111.1,-7.4,94.9,0.194,0.278,0.529,0.502,12.8,21.5,0.143,0.542,13.5,77.6,0.199,714680.0,17431.0,2018
29,Phoenix Suns,23.7,21.0,61.0,19,63,-9.37,0.57,-8.8,103.5,112.8,-9.3,100.3,0.275,0.32,0.532,0.495,13.9,22.5,0.203,0.533,11.9,76.5,0.212,690576.0,16843.0,2018
0,Milwaukee Bucks,26.9,60.0,22.0,61,21,8.87,-0.82,8.04,113.8,105.2,8.6,103.3,0.255,0.419,0.583,0.55,12.0,20.8,0.197,0.503,11.5,80.3,0.162,721692.0,17602.0,2019
1,Golden State Warriors,28.4,57.0,25.0,56,26,6.46,-0.04,6.42,115.9,109.5,6.4,100.9,0.227,0.384,0.596,0.565,12.6,22.5,0.182,0.508,11.7,77.1,0.205,803436.0,19596.0,2019
2,Toronto Raptors,27.3,58.0,24.0,56,26,6.09,-0.6,5.49,113.1,107.1,6.0,100.2,0.247,0.379,0.579,0.543,12.4,21.9,0.198,0.509,13.1,77.1,0.19,812822.0,19825.0,2019
3,Utah Jazz,27.3,50.0,32.0,54,28,5.26,0.03,5.28,110.9,105.7,5.2,100.3,0.295,0.394,0.572,0.538,13.4,22.9,0.217,0.507,12.4,80.3,0.189,750546.0,18306.0,2019
4,Houston Rockets,29.2,53.0,29.0,53,29,4.77,0.19,4.96,115.5,110.7,4.8,97.9,0.279,0.519,0.581,0.542,12.0,22.8,0.221,0.525,13.4,74.4,0.21,740392.0,18058.0,2019
5,Boston Celtics,25.7,49.0,33.0,52,30,4.44,-0.54,3.9,112.2,107.8,4.4,99.6,0.215,0.381,0.567,0.534,11.5,21.6,0.173,0.514,13.4,77.0,0.198,763584.0,18624.0,2019
6,Portland Trail Blazers,26.2,53.0,29.0,51,31,4.2,0.24,4.43,114.7,110.5,4.2,99.1,0.258,0.339,0.568,0.528,12.1,26.6,0.21,0.516,11.0,77.9,0.195,799345.0,19496.0,2019
7,Denver Nuggets,24.9,54.0,28.0,51,31,3.95,0.24,4.19,113.0,108.9,4.1,97.7,0.232,0.348,0.558,0.527,11.9,26.6,0.175,0.521,12.3,78.0,0.194,756457.0,18450.0,2019
8,Indiana Pacers,27.0,48.0,34.0,50,32,3.33,-0.57,2.76,109.9,106.5,3.4,98.1,0.242,0.292,0.561,0.53,12.4,21.9,0.182,0.516,14.1,76.2,0.184,689310.0,16812.0,2019
9,Oklahoma City Thunder,25.7,49.0,33.0,50,32,3.4,0.15,3.56,110.3,107.0,3.3,102.8,0.266,0.347,0.545,0.514,11.7,26.0,0.19,0.523,14.4,78.2,0.206,746323.0,18203.0,2019
10,Philadelphia 76ers,26.4,51.0,31.0,48,34,2.7,-0.44,2.25,112.6,110.0,2.6,101.6,0.312,0.342,0.574,0.532,12.9,24.5,0.241,0.512,11.1,78.6,0.206,838342.0,20447.0,2019
11,San Antonio Spurs,28.8,48.0,34.0,45,37,1.68,0.12,1.8,112.9,111.2,1.7,98.3,0.237,0.286,0.572,0.534,11.0,21.0,0.194,0.528,11.0,79.4,0.17,750616.0,18308.0,2019
12,Los Angeles Clippers,27.2,48.0,34.0,43,39,0.85,0.23,1.09,112.4,111.5,0.9,101.7,0.326,0.295,0.575,0.529,12.7,22.0,0.258,0.514,11.4,76.0,0.224,710327.0,17325.0,2019
13,Orlando Magic,25.7,42.0,40.0,43,39,0.71,-0.43,0.28,108.9,108.1,0.8,98.1,0.216,0.36,0.55,0.518,11.9,22.0,0.168,0.515,11.8,79.7,0.186,720024.0,17431.0,2019
14,Brooklyn Nets,25.4,42.0,40.0,41,41,-0.07,-0.33,-0.4,109.6,109.7,-0.1,100.8,0.284,0.403,0.556,0.52,13.0,23.8,0.211,0.512,11.6,76.4,0.19,612597.0,14941.0,2019
15,Detroit Pistons,26.9,41.0,41.0,40,42,-0.24,-0.31,-0.56,109.0,109.2,-0.2,97.4,0.262,0.394,0.544,0.509,12.3,24.8,0.195,0.526,12.8,78.7,0.211,675963.0,16487.0,2019
16,Miami Heat,27.0,39.0,43.0,40,42,-0.23,-0.22,-0.45,107.3,107.6,-0.3,98.2,0.247,0.368,0.542,0.515,13.1,24.8,0.172,0.51,12.7,77.6,0.201,805264.0,19641.0,2019
17,Sacramento Kings,24.8,39.0,43.0,38,44,-1.12,0.31,-0.81,110.4,111.5,-1.1,103.1,0.244,0.321,0.554,0.524,11.5,23.1,0.177,0.533,13.6,75.5,0.207,700975.0,17097.0,2019
18,Charlotte Hornets,26.6,39.0,43.0,38,44,-1.1,-0.22,-1.32,111.4,112.5,-1.1,98.7,0.257,0.378,0.554,0.514,10.9,21.7,0.205,0.538,12.1,77.1,0.179,676570.0,16502.0,2019
19,New Orleans Pelicans,25.7,33.0,49.0,38,44,-1.33,0.23,-1.1,111.4,112.6,-1.2,103.3,0.254,0.324,0.563,0.529,12.6,24.1,0.193,0.532,11.6,76.8,0.193,656183.0,16004.0,2019
20,Dallas Mavericks,26.9,33.0,49.0,38,44,-1.28,0.42,-0.87,109.4,110.7,-1.3,99.0,0.291,0.422,0.555,0.519,12.7,22.7,0.216,0.522,11.6,77.5,0.191,820569.0,20014.0,2019
21,Minnesota Timberwolves,26.2,36.0,46.0,37,45,-1.5,0.48,-1.02,111.4,112.9,-1.5,100.2,0.267,0.315,0.552,0.511,11.4,24.6,0.21,0.538,12.9,74.9,0.19,627543.0,15306.0,2019
22,Los Angeles Lakers,26.2,37.0,45.0,37,45,-1.72,0.39,-1.33,107.8,109.5,-1.7,103.2,0.257,0.342,0.554,0.527,13.4,22.2,0.18,0.516,12.2,76.4,0.192,778877.0,18997.0,2019
23,Memphis Grizzlies,27.7,33.0,49.0,34,48,-2.6,0.51,-2.08,106.1,108.8,-2.7,96.6,0.272,0.342,0.548,0.508,12.9,20.0,0.21,0.521,13.9,77.6,0.232,638332.0,15569.0,2019
24,Washington Wizards,26.5,32.0,50.0,34,48,-2.9,-0.4,-3.3,111.1,113.9,-2.8,101.4,0.266,0.37,0.567,0.531,12.3,21.3,0.204,0.546,13.5,74.1,0.199,716996.0,17448.0,2019
25,Atlanta Hawks,25.1,29.0,53.0,27,55,-6.02,-0.04,-6.06,108.1,113.9,-5.8,103.9,0.255,0.403,0.555,0.522,14.3,24.7,0.192,0.541,12.8,76.4,0.237,628440.0,15328.0,2019
26,Chicago Bulls,24.0,22.0,60.0,21,61,-8.41,0.1,-8.32,104.8,113.2,-8.4,99.0,0.235,0.295,0.541,0.505,12.7,19.4,0.184,0.541,11.9,77.3,0.188,823475.0,20085.0,2019
27,New York Knicks,23.4,17.0,65.0,19,63,-9.21,0.28,-8.93,104.5,113.7,-9.2,99.6,0.27,0.334,0.529,0.49,12.4,22.1,0.205,0.533,11.7,76.1,0.203,779087.0,19002.0,2019
28,Phoenix Suns,24.0,19.0,63.0,19,63,-9.34,0.73,-8.61,105.9,115.1,-9.2,100.5,0.259,0.335,0.552,0.514,13.8,20.5,0.202,0.545,13.5,72.5,0.236,627023.0,15293.0,2019
29,Cleveland Cavaliers,25.2,19.0,63.0,19,63,-9.61,0.22,-9.39,107.7,117.6,-9.9,96.6,0.236,0.332,0.54,0.503,12.2,23.7,0.187,0.564,11.5,77.0,0.181,793337.0,19350.0,2019
0,Milwaukee Bucks,29.2,56.0,17.0,57,16,10.08,-0.67,9.41,112.4,102.9,9.5,105.1,0.271,0.428,0.583,0.552,12.9,20.7,0.201,0.489,12.0,81.6,0.178,549036.0,17711.0,2020
1,Boston Celtics,25.3,48.0,24.0,50,22,6.31,-0.47,5.83,113.3,107.0,6.3,99.5,0.259,0.386,0.57,0.531,12.2,23.9,0.207,0.509,13.5,77.4,0.215,610864.0,19090.0,2020
2,Los Angeles Clippers,27.4,49.0,23.0,50,22,6.44,0.21,6.66,113.9,107.6,6.3,101.5,0.295,0.375,0.577,0.535,12.6,23.5,0.233,0.506,12.2,77.6,0.206,610176.0,19068.0,2020
3,Toronto Raptors,26.6,53.0,19.0,50,22,6.24,-0.26,5.97,111.1,105.0,6.1,100.9,0.264,0.421,0.574,0.536,13.1,21.3,0.21,0.502,14.6,76.7,0.202,633456.0,19796.0,2020
4,Los Angeles Lakers,29.5,52.0,19.0,48,23,5.79,0.49,6.28,112.0,106.3,5.7,100.9,0.276,0.358,0.573,0.542,13.3,24.5,0.201,0.515,14.1,78.8,0.205,588907.0,18997.0,2020
5,Dallas Mavericks,26.1,43.0,32.0,49,26,4.95,-0.07,4.87,116.7,111.7,5.0,99.3,0.264,0.457,0.581,0.545,11.2,23.2,0.206,0.525,10.6,77.7,0.175,682096.0,20062.0,2020
6,Miami Heat,25.9,44.0,29.0,43,30,2.95,-0.35,2.59,112.5,109.5,3.0,98.3,0.299,0.419,0.587,0.547,13.5,20.3,0.234,0.523,12.6,79.5,0.213,629771.0,19680.0,2020
7,Houston Rockets,29.2,44.0,28.0,42,30,2.96,0.17,3.13,112.9,110.1,2.8,103.7,0.288,0.501,0.578,0.537,12.6,21.0,0.228,0.529,13.7,75.6,0.197,578458.0,18077.0,2020
8,Utah Jazz,27.3,44.0,28.0,42,30,2.47,0.05,2.52,112.3,109.9,2.4,98.6,0.268,0.414,0.585,0.549,13.7,21.6,0.208,0.518,11.1,78.9,0.185,567486.0,18306.0,2020
9,Philadelphia 76ers,26.3,43.0,30.0,42,31,2.38,-0.13,2.25,111.3,109.0,2.3,99.0,0.255,0.36,0.566,0.534,12.7,23.9,0.193,0.523,12.5,80.3,0.214,639491.0,20629.0,2020
10,Denver Nuggets,25.6,46.0,27.0,41,32,2.11,0.24,2.35,113.1,111.0,2.1,97.1,0.235,0.344,0.567,0.535,12.3,24.8,0.183,0.533,12.9,76.8,0.198,633153.0,19186.0,2020
11,Indiana Pacers,25.6,45.0,28.0,41,32,1.96,-0.33,1.63,110.0,108.0,2.0,98.9,0.216,0.317,0.565,0.534,12.0,20.0,0.17,0.511,13.0,76.7,0.192,529002.0,16531.0,2020
12,Oklahoma City Thunder,25.5,44.0,28.0,41,31,1.99,0.34,2.33,110.8,108.8,2.0,98.8,0.29,0.353,0.573,0.53,12.4,19.3,0.231,0.518,12.6,76.8,0.173,600699.0,18203.0,2020
13,Phoenix Suns,24.6,34.0,39.0,37,36,0.22,0.35,0.56,111.7,111.4,0.3,101.3,0.271,0.361,0.576,0.532,13.0,22.2,0.226,0.539,13.7,78.8,0.221,550633.0,15606.0,2020
14,Brooklyn Nets,26.3,35.0,37.0,35,37,-0.57,-0.44,-1.01,108.9,109.5,-0.6,101.4,0.267,0.423,0.554,0.52,13.1,23.2,0.199,0.511,11.0,77.8,0.187,524907.0,16403.0,2020
15,Orlando Magic,26.1,33.0,40.0,34,39,-1.01,0.09,-0.93,108.5,109.5,-1.0,98.6,0.256,0.364,0.544,0.506,11.5,22.3,0.198,0.535,13.2,79.1,0.176,529870.0,17093.0,2020
16,San Antonio Spurs,27.6,32.0,39.0,33,38,-1.11,0.46,-0.65,112.4,113.5,-1.1,100.5,0.262,0.318,0.572,0.531,11.2,20.1,0.212,0.542,11.7,79.2,0.193,550515.0,18351.0,2020
17,Memphis Grizzlies,24.1,34.0,39.0,34,39,-1.07,0.16,-0.91,109.2,110.3,-1.1,102.8,0.24,0.346,0.561,0.528,13.2,23.0,0.183,0.521,12.7,77.8,0.217,523297.0,15857.0,2020
18,Portland Trail Blazers,27.5,35.0,39.0,34,40,-1.15,0.54,-0.61,113.7,114.8,-1.1,100.7,0.242,0.374,0.57,0.533,11.2,22.4,0.194,0.53,11.2,75.3,0.208,628303.0,19634.0,2020
19,New Orleans Pelicans,25.4,30.0,42.0,33,39,-1.29,0.74,-0.55,110.7,111.9,-1.2,103.7,0.256,0.403,0.568,0.539,13.9,24.2,0.186,0.532,12.4,77.8,0.212,528172.0,16505.0,2020
20,Sacramento Kings,27.0,31.0,41.0,31,41,-2.04,0.46,-1.59,110.2,112.2,-2.0,98.9,0.23,0.395,0.566,0.534,13.0,21.9,0.177,0.543,13.6,78.4,0.225,520663.0,16796.0,2020
21,Chicago Bulls,24.4,22.0,43.0,26,39,-3.08,-0.93,-4.0,106.7,109.8,-3.1,99.7,0.231,0.396,0.547,0.515,13.7,22.8,0.175,0.546,16.3,75.6,0.239,639352.0,18804.0,2020
22,Detroit Pistons,25.9,20.0,46.0,26,40,-3.56,-0.82,-4.38,109.0,112.7,-3.7,97.6,0.261,0.381,0.561,0.529,13.8,22.6,0.194,0.541,12.7,75.9,0.186,509469.0,15294.0,2020
23,Minnesota Timberwolves,24.8,19.0,45.0,24,40,-4.3,0.28,-4.02,108.1,112.2,-4.1,103.4,0.277,0.433,0.551,0.514,13.0,22.1,0.209,0.541,13.2,77.2,0.218,482112.0,15066.0,2020
24,Washington Wizards,25.1,25.0,47.0,26,46,-4.67,-0.57,-5.24,110.9,115.5,-4.6,102.7,0.27,0.358,0.562,0.523,12.2,22.2,0.213,0.558,13.9,75.3,0.231,532702.0,16647.0,2020
25,New York Knicks,24.5,21.0,45.0,20,46,-6.45,-0.26,-6.72,106.5,113.0,-6.5,98.6,0.263,0.318,0.531,0.501,12.6,25.8,0.182,0.541,12.4,78.3,0.224,620789.0,18812.0,2020
26,Charlotte Hornets,24.3,23.0,42.0,19,46,-6.75,-0.28,-7.03,106.3,113.3,-7.0,95.8,0.252,0.399,0.539,0.504,13.3,23.9,0.188,0.546,13.1,74.4,0.159,478591.0,15428.0,2020
27,Atlanta Hawks,24.1,20.0,47.0,18,49,-7.97,0.27,-7.71,107.2,114.8,-7.6,103.0,0.258,0.398,0.554,0.515,13.8,21.6,0.204,0.543,12.7,74.9,0.233,545453.0,16043.0,2020
28,Cleveland Cavaliers,25.0,19.0,46.0,18,47,-7.89,0.12,-7.77,107.5,115.4,-7.9,98.7,0.227,0.362,0.553,0.522,14.6,24.6,0.172,0.56,11.7,77.4,0.164,643008.0,17861.0,2020
29,Golden State Warriors,24.4,15.0,50.0,16,49,-8.71,0.59,-8.12,105.2,113.8,-8.6,100.3,0.264,0.355,0.54,0.497,13.2,21.5,0.212,0.553,13.7,76.4,0.193,614176.0,18064.0,2020
0,Utah Jazz,28.5,52.0,20.0,55,17,9.25,-0.29,8.97,117.6,108.3,9.3,98.5,0.244,0.488,0.597,0.563,12.7,24.5,0.195,0.507,10.3,79.3,0.159,151300.0,4203.0,2021
1,Los Angeles Clippers,28.8,47.0,25.0,49,23,6.18,-0.16,6.02,117.6,111.2,6.4,96.9,0.222,0.4,0.599,0.564,12.2,22.7,0.186,0.531,11.9,79.1,0.186,13901.0,386.0,2021
2,Phoenix Suns,26.6,51.0,21.0,49,23,5.82,-0.15,5.67,117.2,111.3,5.9,97.2,0.212,0.392,0.597,0.564,11.5,20.8,0.177,0.534,12.4,78.5,0.194,104027.0,2890.0,2021
3,Milwaukee Bucks,28.1,46.0,26.0,48,24,5.89,-0.32,5.57,117.2,111.4,5.8,102.2,0.233,0.404,0.593,0.566,12.0,23.3,0.177,0.536,11.5,79.7,0.157,64780.0,1799.0,2021
4,Philadelphia 76ers,27.1,49.0,23.0,48,24,5.58,-0.31,5.28,113.2,107.6,5.6,99.5,0.293,0.347,0.579,0.541,12.8,23.2,0.225,0.521,13.8,78.2,0.2,68583.0,1905.0,2021
5,Denver Nuggets,26.1,47.0,25.0,47,25,4.93,-0.11,4.82,117.1,112.1,5.0,97.1,0.219,0.383,0.588,0.557,12.1,24.7,0.176,0.545,12.9,78.9,0.2,54563.0,1516.0,2021
6,Brooklyn Nets,28.2,48.0,24.0,46,26,4.5,-0.27,4.24,118.3,113.8,4.5,99.5,0.258,0.413,0.61,0.575,12.2,21.4,0.208,0.531,11.1,77.3,0.187,30491.0,847.0,2021
7,Los Angeles Lakers,28.2,42.0,30.0,42,30,2.79,-0.03,2.77,109.9,107.1,2.8,98.7,0.271,0.363,0.569,0.536,13.6,22.5,0.2,0.526,13.7,79.7,0.184,23313.0,648.0,2021
8,Dallas Mavericks,26.3,42.0,30.0,41,31,2.26,-0.01,2.26,115.4,113.0,2.4,97.3,0.242,0.436,0.582,0.55,11.1,21.1,0.189,0.534,11.5,77.8,0.197,94849.0,2635.0,2021
9,New York Knicks,25.6,41.0,31.0,41,31,2.31,-0.18,2.13,110.6,108.2,2.4,95.9,0.242,0.347,0.559,0.524,11.9,21.9,0.19,0.509,11.7,78.6,0.196,42131.0,1170.0,2021
10,Atlanta Hawks,25.4,41.0,31.0,41,31,2.32,-0.18,2.14,115.7,113.3,2.4,97.6,0.278,0.382,0.581,0.539,11.9,24.4,0.226,0.53,11.1,77.8,0.19,59288.0,1647.0,2021
11,Portland Trail Blazers,27.4,42.0,30.0,40,32,1.79,0.01,1.81,117.8,116.0,1.8,98.4,0.238,0.448,0.577,0.54,9.9,23.0,0.195,0.546,11.2,77.5,0.203,5817.0,162.0,2021
12,Boston Celtics,25.1,36.0,36.0,39,33,1.46,-0.14,1.32,114.0,112.5,1.5,98.3,0.234,0.409,0.574,0.543,12.5,24.3,0.181,0.539,12.8,78.1,0.215,30067.0,835.0,2021
13,Golden State Warriors,26.7,39.0,33.0,38,34,1.06,0.04,1.1,111.1,110.1,1.0,102.2,0.239,0.439,0.583,0.551,13.3,17.9,0.188,0.522,13.1,76.6,0.223,33457.0,929.0,2021
14,Memphis Grizzlies,24.2,38.0,34.0,38,34,1.03,0.04,1.07,112.0,111.0,1.0,100.4,0.232,0.342,0.56,0.528,11.6,24.2,0.179,0.535,13.1,78.3,0.196,61449.0,1707.0,2021
15,Miami Heat,27.4,40.0,32.0,36,36,0.03,-0.09,-0.06,111.2,111.2,0.0,96.6,0.252,0.432,0.581,0.546,13.1,19.4,0.199,0.542,13.8,77.9,0.183,,,2021
16,Indiana Pacers,26.5,34.0,38.0,36,36,-0.04,-0.08,-0.13,112.4,112.4,0.0,101.6,0.227,0.372,0.575,0.542,11.9,20.2,0.18,0.531,12.7,74.9,0.201,,,2021
17,New Orleans Pelicans,24.8,31.0,41.0,35,37,-0.29,0.1,-0.2,113.5,113.8,-0.3,100.1,0.293,0.342,0.57,0.537,12.7,26.3,0.214,0.55,11.9,80.0,0.186,93120.0,2587.0,2021
18,Toronto Raptors,26.6,27.0,45.0,35,37,-0.47,-0.07,-0.54,112.0,112.5,-0.5,99.2,0.241,0.444,0.567,0.529,11.9,20.8,0.196,0.543,14.4,76.3,0.234,26024.0,723.0,2021
19,Chicago Bulls,25.6,31.0,41.0,34,38,-0.89,-0.05,-0.94,111.1,112.0,-0.9,99.0,0.197,0.383,0.575,0.547,13.6,22.3,0.156,0.538,11.6,80.3,0.196,13655.0,379.0,2021
20,San Antonio Spurs,26.2,33.0,39.0,32,40,-1.74,0.15,-1.58,111.0,112.8,-1.8,98.9,0.243,0.314,0.554,0.517,10.2,20.0,0.192,0.541,11.8,77.3,0.174,61053.0,1696.0,2021
21,Washington Wizards,26.6,34.0,38.0,32,40,-1.83,-0.01,-1.85,111.2,113.0,-1.8,104.1,0.288,0.319,0.569,0.531,12.3,21.3,0.221,0.539,12.5,77.6,0.217,19198.0,533.0,2021
22,Charlotte Hornets,24.6,33.0,39.0,32,40,-1.93,-0.01,-1.94,110.9,112.8,-1.9,98.3,0.238,0.422,0.564,0.532,13.3,23.5,0.181,0.55,13.2,75.7,0.163,68255.0,1896.0,2021
23,Sacramento Kings,25.6,31.0,41.0,28,44,-3.68,0.23,-3.45,113.6,117.2,-3.6,100.0,0.248,0.376,0.578,0.549,12.0,21.3,0.185,0.557,12.1,75.0,0.199,,,2021
24,Detroit Pistons,24.5,20.0,52.0,26,46,-4.47,0.09,-4.38,108.0,112.5,-4.5,97.9,0.273,0.385,0.556,0.519,13.5,21.9,0.207,0.541,12.6,76.9,0.195,14250.0,396.0,2021
25,Minnesota Timberwolves,23.2,23.0,49.0,24,48,-5.56,0.31,-5.25,109.5,115.0,-5.5,101.6,0.254,0.413,0.555,0.52,12.4,22.7,0.193,0.556,13.3,76.8,0.207,15774.0,438.0,2021
26,Houston Rockets,26.5,17.0,55.0,20,52,-7.9,0.4,-7.5,107.1,114.9,-7.8,101.4,0.252,0.459,0.553,0.521,13.0,19.8,0.187,0.555,12.9,77.1,0.201,117009.0,3250.0,2021
27,Cleveland Cavaliers,24.0,22.0,50.0,18,54,-8.44,0.25,-8.19,105.8,114.4,-8.6,97.3,0.261,0.347,0.543,0.508,13.9,23.6,0.194,0.556,13.0,76.6,0.183,91476.0,2541.0,2021
28,Orlando Magic,25.6,21.0,51.0,17,55,-9.31,0.29,-9.02,105.1,114.5,-9.4,98.7,0.24,0.356,0.527,0.49,11.5,21.6,0.186,0.547,11.5,78.2,0.169,126463.0,3513.0,2021
29,Oklahoma City Thunder,22.8,22.0,50.0,15,57,-10.64,0.51,-10.13,103.5,114.0,-10.5,101.0,0.242,0.399,0.539,0.509,14.2,21.2,0.176,0.547,11.5,77.9,0.167,,,2021
0,Boston Celtics,26.1,51.0,31.0,59,23,7.28,-0.26,7.02,114.4,106.9,7.5,96.6,0.239,0.425,0.578,0.542,12.4,24.0,0.195,0.502,12.5,77.3,0.183,785396.0,19156.0,2022
1,Phoenix Suns,27.5,64.0,18.0,59,23,7.5,-0.56,6.94,114.8,107.3,7.5,99.8,0.221,0.354,0.581,0.549,11.6,22.3,0.176,0.51,13.0,77.1,0.195,663171.0,16175.0,2022
2,Utah Jazz,29.3,49.0,33.0,56,26,6.04,-0.37,5.67,116.7,110.5,6.2,97.1,0.271,0.468,0.589,0.555,12.7,25.4,0.208,0.521,10.9,78.3,0.164,750546.0,18306.0,2022
3,Memphis Grizzlies,24.0,56.0,26.0,55,27,5.68,-0.32,5.37,114.6,109.0,5.6,100.3,0.245,0.346,0.553,0.522,11.2,30.0,0.18,0.523,13.3,77.8,0.195,646785.0,15775.0,2022
4,Golden State Warriors,27.6,53.0,29.0,55,27,5.54,-0.02,5.52,112.5,106.9,5.6,98.4,0.235,0.456,0.582,0.552,13.5,22.8,0.181,0.509,13.0,78.7,0.201,740624.0,18064.0,2022
5,Miami Heat,28.2,53.0,29.0,53,29,4.45,-0.22,4.23,113.7,109.1,4.6,95.9,0.252,0.422,0.584,0.547,13.4,23.5,0.204,0.524,13.8,78.0,0.209,804761.0,19628.0,2022
6,Dallas Mavericks,26.7,52.0,30.0,50,32,3.3,-0.18,3.12,112.8,109.4,3.4,95.4,0.249,0.439,0.572,0.538,11.7,21.3,0.192,0.521,12.2,78.0,0.185,808037.0,19708.0,2022
7,Milwaukee Bucks,28.5,51.0,31.0,49,33,3.35,-0.14,3.22,115.1,111.8,3.3,99.9,0.257,0.43,0.58,0.546,11.9,23.0,0.199,0.536,11.6,78.6,0.165,715581.0,17453.0,2022
8,Philadelphia 76ers,26.8,51.0,31.0,48,34,2.61,-0.04,2.57,113.5,110.8,2.7,96.2,0.282,0.376,0.578,0.534,11.6,20.1,0.232,0.524,12.1,76.8,0.192,846867.0,20655.0,2022
9,Minnesota Timberwolves,24.2,46.0,36.0,48,34,2.63,-0.1,2.53,114.3,111.7,2.6,100.9,0.254,0.454,0.573,0.539,12.4,24.4,0.198,0.535,14.2,74.9,0.227,657148.0,16028.0,2022
10,Denver Nuggets,27.7,48.0,34.0,47,35,2.3,-0.15,2.16,114.5,112.1,2.4,97.8,0.244,0.416,0.59,0.556,13.2,21.9,0.194,0.537,11.7,78.3,0.188,695262.0,16958.0,2022
11,Toronto Raptors,24.8,48.0,34.0,47,35,2.29,0.08,2.38,112.9,110.5,2.4,96.0,0.234,0.375,0.543,0.51,11.0,28.4,0.177,0.535,14.4,75.6,0.199,547343.0,13350.0,2022
12,Cleveland Cavaliers,24.7,44.0,38.0,47,35,2.12,-0.08,2.04,111.9,109.7,2.2,96.1,0.261,0.387,0.571,0.538,13.2,24.0,0.198,0.52,12.3,76.5,0.172,758228.0,18493.0,2022
13,Atlanta Hawks,26.1,43.0,39.0,45,37,1.56,-0.01,1.55,116.5,114.9,1.6,97.7,0.253,0.39,0.581,0.543,10.8,23.0,0.205,0.543,11.5,76.9,0.177,672742.0,16408.0,2022
14,Brooklyn Nets,29.1,44.0,38.0,43,39,0.78,0.04,0.82,113.6,112.8,0.8,99.0,0.246,0.359,0.576,0.54,12.5,23.9,0.198,0.521,11.7,75.1,0.201,711539.0,17355.0,2022
15,Charlotte Hornets,25.5,43.0,39.0,42,40,0.44,0.09,0.53,114.1,113.7,0.4,100.0,0.234,0.418,0.572,0.544,11.6,23.3,0.173,0.544,13.1,74.8,0.187,700755.0,17092.0,2022
16,San Antonio Spurs,24.5,34.0,48.0,41,41,0.12,-0.1,0.02,112.4,112.3,0.1,100.0,0.22,0.345,0.556,0.527,11.1,23.7,0.166,0.532,12.1,75.1,0.176,615588.0,15014.0,2022
17,Los Angeles Clippers,27.5,42.0,40.0,41,41,0.02,0.06,0.09,110.1,110.1,0.0,98.0,0.224,0.391,0.564,0.531,12.5,20.6,0.178,0.514,12.0,74.4,0.167,694005.0,16927.0,2022
18,New York Knicks,26.0,37.0,45.0,41,41,-0.12,0.11,-0.01,110.4,110.5,-0.1,95.9,0.28,0.428,0.55,0.513,12.0,25.1,0.208,0.521,11.7,78.8,0.198,763484.0,18622.0,2022
19,Chicago Bulls,26.3,46.0,36.0,40,42,-0.39,0.02,-0.38,113.2,113.6,-0.4,98.3,0.248,0.332,0.579,0.541,11.8,20.4,0.201,0.541,11.9,78.3,0.199,856148.0,20882.0,2022
20,New Orleans Pelicans,25.6,36.0,46.0,38,44,-0.99,0.15,-0.84,112.0,113.0,-1.0,97.2,0.264,0.365,0.557,0.517,12.5,26.9,0.208,0.547,13.0,78.2,0.196,635941.0,15511.0,2022
21,Los Angeles Lakers,30.2,33.0,49.0,33,49,-3.05,-0.03,-3.08,110.3,113.3,-3.0,100.1,0.259,0.388,0.567,0.537,12.8,21.1,0.19,0.54,12.2,75.8,0.192,764631.0,18650.0,2022
22,Washington Wizards,25.9,35.0,47.0,32,50,-3.38,0.15,-3.23,111.1,114.5,-3.4,97.0,0.252,0.356,0.568,0.532,12.1,20.9,0.197,0.529,10.7,76.9,0.202,637215.0,15542.0,2022
23,Indiana Pacers,26.0,25.0,57.0,32,50,-3.48,0.22,-3.26,112.6,116.1,-3.5,98.0,0.239,0.395,0.564,0.531,12.7,25.5,0.184,0.552,11.9,76.2,0.204,588743.0,14360.0,2022
24,Sacramento Kings,25.8,30.0,52.0,28,54,-5.46,0.2,-5.26,109.9,115.3,-5.4,99.8,0.264,0.377,0.561,0.525,12.5,21.3,0.203,0.551,11.9,76.0,0.176,577583.0,14087.0,2022
25,Detroit Pistons,23.6,23.0,59.0,22,60,-7.72,0.37,-7.36,106.0,113.8,-7.8,98.4,0.249,0.391,0.533,0.494,12.6,23.4,0.194,0.541,13.1,75.6,0.226,663556.0,16184.0,2022
26,Orlando Magic,23.3,22.0,60.0,21,61,-8.0,0.33,-7.67,104.5,112.5,-8.0,99.2,0.223,0.417,0.538,0.503,13.0,19.8,0.175,0.532,11.7,77.2,0.196,622881.0,15192.0,2022
27,Oklahoma City Thunder,22.4,24.0,58.0,21,61,-8.1,0.2,-7.9,104.6,112.8,-8.2,98.5,0.223,0.419,0.53,0.497,12.5,21.8,0.169,0.533,11.8,76.1,0.169,595112.0,14515.0,2022
28,Houston Rockets,24.1,20.0,62.0,21,61,-8.48,0.22,-8.26,108.4,116.7,-8.3,100.9,0.284,0.448,0.565,0.534,14.5,21.7,0.202,0.554,12.3,74.4,0.206,638977.0,15585.0,2022
29,Portland Trail Blazers,25.6,27.0,55.0,20,62,-8.88,0.33,-8.55,107.8,116.9,-9.1,98.3,0.248,0.422,0.55,0.515,13.0,22.9,0.188,0.559,12.7,76.9,0.222,705608.0,17210.0,2022
0,Boston Celtics,27.4,57.0,25.0,57,25,6.52,-0.15,6.38,118.0,111.5,6.5,98.5,0.243,0.48,0.6,0.566,12.0,22.1,0.197,0.528,11.3,78.5,0.18,766240.0,18689.0,2023
1,Cleveland Cavaliers,25.4,51.0,31.0,55,27,5.38,-0.15,5.23,116.1,110.6,5.5,95.7,0.264,0.371,0.59,0.556,12.3,23.6,0.206,0.535,14.4,76.3,0.21,777280.0,18958.0,2023
2,Philadelphia 76ers,28.2,54.0,28.0,52,30,4.32,0.06,4.37,117.7,113.3,4.4,96.9,0.3,0.389,0.608,0.563,12.6,21.6,0.25,0.541,13.0,77.2,0.217,839261.0,20470.0,2023
3,Memphis Grizzlies,24.4,51.0,31.0,51,31,3.94,-0.34,3.6,115.1,111.2,3.9,101.1,0.259,0.372,0.57,0.54,11.7,26.5,0.19,0.526,13.1,75.9,0.206,707836.0,17264.0,2023
4,Milwaukee Bucks,29.8,58.0,24.0,50,32,3.63,-0.02,3.61,115.4,111.9,3.5,100.5,0.248,0.446,0.583,0.555,12.7,25.0,0.184,0.52,10.4,77.8,0.175,718786.0,17531.0,2023
5,Denver Nuggets,26.6,53.0,29.0,49,33,3.33,-0.29,3.04,117.6,114.2,3.4,98.1,0.259,0.361,0.601,0.573,13.1,24.8,0.194,0.543,12.2,76.4,0.201,788635.0,19235.0,2023
6,New York Knicks,24.5,47.0,35.0,48,34,2.93,0.06,2.99,117.8,114.8,3.0,97.1,0.285,0.4,0.577,0.541,11.4,28.3,0.217,0.536,11.4,77.1,0.21,795110.0,19393.0,2023
7,Sacramento Kings,25.4,48.0,34.0,47,35,2.65,-0.35,2.3,119.4,116.8,2.6,100.3,0.284,0.423,0.608,0.572,12.0,22.7,0.225,0.563,12.6,77.2,0.203,715491.0,17451.0,2023
8,Phoenix Suns,28.1,45.0,37.0,46,36,2.07,0.01,2.08,115.1,113.0,2.1,98.2,0.241,0.362,0.57,0.535,12.0,26.6,0.191,0.532,12.9,76.0,0.234,699911.0,17071.0,2023
9,New Orleans Pelicans,25.9,42.0,40.0,46,36,1.89,-0.26,1.63,114.4,112.5,1.9,99.1,0.279,0.344,0.582,0.543,12.9,24.7,0.221,0.543,13.4,77.4,0.212,687691.0,16773.0,2023
10,Golden State Warriors,27.3,44.0,38.0,45,37,1.8,-0.15,1.66,116.1,114.4,1.7,101.6,0.224,0.479,0.6,0.571,14.1,24.4,0.178,0.54,12.3,76.0,0.214,740624.0,18064.0,2023
11,Toronto Raptors,25.8,41.0,41.0,45,37,1.48,0.12,1.59,115.5,114.0,1.5,97.1,0.257,0.351,0.555,0.517,10.3,27.8,0.201,0.565,15.3,76.7,0.223,811261.0,19787.0,2023
12,Chicago Bulls,27.5,40.0,42.0,44,38,1.29,0.07,1.37,113.5,112.2,1.3,98.5,0.251,0.333,0.587,0.55,12.2,20.1,0.203,0.544,13.5,77.8,0.197,841632.0,20528.0,2023
13,Oklahoma City Thunder,22.8,40.0,42.0,44,38,1.09,-0.12,0.96,115.2,114.2,1.0,101.1,0.256,0.369,0.57,0.531,11.2,24.7,0.207,0.547,14.4,72.9,0.222,636903.0,15534.0,2023
14,Brooklyn Nets,28.0,45.0,37.0,43,39,0.85,0.18,1.03,115.0,114.1,0.9,98.3,0.26,0.397,0.598,0.562,12.7,19.6,0.208,0.53,12.2,73.7,0.212,724439.0,17669.0,2023
15,Los Angeles Lakers,27.9,43.0,39.0,42,40,0.57,-0.15,0.43,114.5,113.9,0.6,101.3,0.299,0.351,0.582,0.542,12.3,22.8,0.232,0.535,10.9,76.3,0.171,763168.0,18614.0,2023
16,Los Angeles Clippers,29.7,44.0,38.0,42,40,0.5,-0.19,0.31,115.0,114.5,0.5,98.0,0.278,0.387,0.588,0.551,12.8,22.9,0.217,0.543,11.7,76.6,0.195,720543.0,17574.0,2023
17,Atlanta Hawks,24.9,41.0,41.0,42,40,0.29,0.02,0.32,116.6,116.3,0.3,100.7,0.244,0.331,0.579,0.541,11.2,25.1,0.2,0.552,12.4,75.8,0.206,719787.0,17556.0,2023
18,Dallas Mavericks,27.8,38.0,44.0,41,41,0.07,-0.22,-0.14,116.8,116.7,0.1,96.6,0.298,0.487,0.599,0.565,11.4,18.0,0.225,0.549,11.9,75.5,0.226,827282.0,20178.0,2023
19,Minnesota Timberwolves,25.8,42.0,40.0,41,41,-0.04,-0.18,-0.22,113.7,113.8,-0.1,101.0,0.271,0.381,0.592,0.56,13.6,21.5,0.205,0.54,13.3,74.3,0.225,687510.0,16769.0,2023
20,Miami Heat,27.7,44.0,38.0,40,42,-0.32,0.18,-0.13,113.0,113.3,-0.3,96.3,0.27,0.408,0.574,0.53,12.4,22.8,0.224,0.561,14.5,77.7,0.198,807190.0,19688.0,2023
21,Utah Jazz,26.5,37.0,45.0,39,43,-0.94,-0.09,-1.03,115.8,116.7,-0.9,100.5,0.265,0.421,0.584,0.547,13.3,26.8,0.209,0.541,10.9,75.2,0.205,728240.0,17762.0,2023
22,Washington Wizards,26.2,35.0,47.0,38,44,-1.21,0.15,-1.06,114.4,115.6,-1.2,98.6,0.258,0.365,0.585,0.55,12.7,22.6,0.202,0.54,11.0,76.1,0.194,710481.0,17329.0,2023
23,Orlando Magic,23.1,34.0,48.0,35,47,-2.56,0.17,-2.39,111.6,114.2,-2.6,99.3,0.29,0.361,0.573,0.532,13.4,23.8,0.227,0.55,13.1,77.7,0.211,728405.0,17766.0,2023
24,Indiana Pacers,24.5,35.0,47.0,33,49,-3.18,0.28,-2.91,114.6,117.7,-3.1,101.1,0.265,0.413,0.581,0.545,13.0,23.4,0.209,0.554,13.0,72.2,0.229,641562.0,15648.0,2023
25,Portland Trail Blazers,25.1,33.0,49.0,31,51,-4.01,0.05,-3.96,114.8,118.8,-4.0,98.6,0.289,0.413,0.589,0.549,13.1,22.4,0.23,0.563,12.1,74.9,0.217,767374.0,18716.0,2023
26,Charlotte Hornets,25.3,27.0,55.0,26,56,-6.24,0.35,-5.89,109.2,115.3,-6.1,100.8,0.261,0.36,0.55,0.516,12.3,23.8,0.195,0.544,12.5,75.5,0.211,702052.0,17123.0,2023
27,Houston Rockets,22.1,22.0,60.0,23,59,-7.85,0.24,-7.62,111.4,119.3,-7.9,99.0,0.285,0.359,0.554,0.516,14.0,30.2,0.215,0.564,11.8,75.8,0.218,668865.0,16314.0,2023
28,Detroit Pistons,24.1,17.0,65.0,22,60,-8.22,0.49,-7.73,110.7,118.9,-8.2,99.0,0.295,0.372,0.561,0.52,13.3,24.9,0.227,0.557,11.9,74.0,0.231,759715.0,18596.0,2023
29,San Antonio Spurs,23.9,22.0,60.0,19,63,-10.04,0.22,-9.82,110.2,120.0,-9.8,101.6,0.229,0.348,0.554,0.525,13.0,25.6,0.17,0.576,12.0,74.9,0.201,694434.0,15508.0,2023
