,Rk,Team,G,MP,FG,FGA,FG%,3P,3PA,3P%,2P,2PA,2P%,FT,FTA,FT%,ORB,DRB,TRB,AST,STL,BLK,TOV,PF,PTS,Year
0,1.0,Denver Nuggets,6,240.0,37.2,84.8,0.438,7.0,22.5,0.311,30.2,62.3,0.484,21.7,29.7,0.73,11.8,26.8,38.7,21.2,9.0,2.8,14.5,23.2,103.0,2013
1,2.0,Golden State Warriors,12,246.3,39.0,84.4,0.462,8.7,22.3,0.388,30.3,62.1,0.489,16.0,21.8,0.736,11.5,34.6,46.1,21.7,6.4,4.9,16.5,23.8,102.7,2013
2,3.0,San Antonio Spurs,21,247.1,38.0,82.2,0.463,7.9,20.8,0.378,30.2,61.4,0.492,16.4,21.5,0.763,9.7,32.9,42.6,21.9,7.9,5.0,12.9,19.1,100.3,2013
3,4.0,Houston Rockets,6,240.0,34.3,81.0,0.424,11.7,33.7,0.347,22.7,47.3,0.479,19.7,27.7,0.711,10.8,32.7,43.5,18.0,5.8,5.5,15.8,23.2,100.0,2013
4,5.0,Brooklyn Nets,7,250.7,37.0,83.7,0.442,6.1,19.4,0.316,30.9,64.3,0.48,19.3,25.4,0.758,11.7,30.4,42.1,19.9,6.3,5.6,11.6,19.9,99.4,2013
5,6.0,Oklahoma City Thunder,11,242.3,34.8,81.6,0.427,8.6,24.7,0.349,26.2,56.9,0.46,20.2,24.1,0.838,9.8,33.1,42.9,18.1,6.0,7.0,13.6,24.9,98.5,2013
6,7.0,Miami Heat,23,242.2,35.8,76.6,0.468,7.7,20.2,0.381,28.1,56.4,0.499,17.8,23.2,0.766,9.7,28.4,38.1,20.6,8.3,5.4,13.1,22.2,97.1,2013
7,8.0,Los Angeles Clippers,6,240.0,35.2,75.3,0.467,5.8,19.2,0.304,29.3,56.2,0.522,18.5,23.7,0.782,8.8,28.3,37.2,18.0,5.2,5.7,13.3,27.8,94.7,2013
8,9.0,Memphis Grizzlies,15,245.0,34.1,81.5,0.418,4.8,14.8,0.324,29.3,66.7,0.439,21.7,29.1,0.748,11.7,30.0,41.7,19.3,7.3,4.6,10.7,22.1,94.7,2013
9,10.0,Chicago Bulls,12,246.3,35.0,79.9,0.438,5.4,17.0,0.319,29.6,62.9,0.47,16.5,22.9,0.72,11.8,29.0,40.8,19.5,6.4,4.6,14.3,22.4,91.9,2013
10,11.0,Indiana Pacers,19,241.3,32.2,74.4,0.433,6.3,19.2,0.327,25.9,55.2,0.47,21.1,28.5,0.74,12.7,32.9,45.6,17.5,5.4,4.5,16.4,22.4,91.8,2013
11,12.0,Atlanta Hawks,6,240.0,32.7,77.3,0.422,6.2,18.7,0.33,26.5,58.7,0.452,17.8,26.2,0.682,8.3,30.0,38.3,19.2,7.3,3.8,12.2,24.2,89.3,2013
12,13.0,New York Knicks,12,242.1,33.3,81.0,0.41,8.0,23.3,0.343,25.3,57.7,0.438,14.1,18.0,0.782,10.7,28.8,39.5,15.1,8.8,4.3,11.6,23.8,88.6,2013
13,14.0,Los Angeles Lakers,4,240.0,34.5,78.0,0.442,5.0,18.5,0.27,29.5,59.5,0.496,11.3,18.5,0.608,8.5,31.5,40.0,18.5,5.8,5.3,16.5,17.5,85.3,2013
14,15.0,Milwaukee Bucks,4,240.0,33.3,76.8,0.433,6.0,23.0,0.261,27.3,53.8,0.507,12.8,20.3,0.63,8.8,26.0,34.8,19.8,10.0,2.5,16.3,19.8,85.3,2013
15,16.0,Boston Celtics,6,244.2,28.5,69.0,0.413,6.8,20.7,0.331,21.7,48.3,0.448,18.5,21.5,0.86,5.2,33.8,39.0,16.8,5.5,3.0,17.3,18.8,82.3,2013
0,1.0,Houston Rockets,6,252.5,40.8,91.7,0.445,8.2,25.7,0.318,32.7,66.0,0.495,22.2,29.8,0.743,16.7,32.5,49.2,18.3,6.0,5.0,13.8,26.0,112.0,2014
1,2.0,Los Angeles Clippers,13,240.0,39.4,85.4,0.461,9.2,25.8,0.355,30.2,59.6,0.507,20.8,28.5,0.73,11.4,28.4,39.8,23.8,9.4,4.4,12.6,24.3,108.8,2014
2,3.0,Golden State Warriors,7,240.0,38.3,83.1,0.46,9.6,26.3,0.364,28.7,56.9,0.505,20.3,27.9,0.728,13.1,29.6,42.7,24.4,7.0,4.6,17.3,25.3,106.4,2014
3,4.0,San Antonio Spurs,23,241.1,39.7,80.9,0.491,8.8,21.6,0.409,30.9,59.3,0.521,18.0,23.5,0.767,9.4,32.6,42.0,22.2,8.1,3.5,12.6,19.8,106.3,2014
4,5.0,Portland Trail Blazers,11,246.8,38.4,87.7,0.437,7.9,22.8,0.347,30.5,64.9,0.469,19.6,24.6,0.797,11.7,32.5,44.2,17.5,5.9,6.0,13.8,22.5,104.3,2014
5,6.0,Oklahoma City Thunder,19,246.6,36.6,81.4,0.45,7.5,23.3,0.323,29.1,58.1,0.5,21.8,26.6,0.82,11.2,34.1,45.2,19.3,6.3,6.2,15.1,23.0,102.5,2014
6,7.0,Dallas Mavericks,7,240.0,39.1,86.7,0.451,8.4,22.4,0.376,30.7,64.3,0.478,14.4,18.9,0.765,11.7,29.0,40.7,19.1,6.6,4.1,11.4,20.3,101.1,2014
7,8.0,Miami Heat,20,240.0,35.4,72.2,0.491,9.3,23.5,0.396,26.1,48.7,0.536,17.2,22.0,0.78,6.0,28.1,34.0,18.3,7.4,3.9,12.2,20.7,97.3,2014
8,9.0,Memphis Grizzlies,7,254.3,36.7,88.1,0.417,4.4,15.3,0.29,32.3,72.9,0.443,18.9,25.9,0.729,12.9,29.9,42.7,21.7,9.0,2.4,11.1,20.9,96.7,2014
9,10.0,Toronto Raptors,7,240.0,32.7,74.1,0.441,6.6,21.0,0.313,26.1,53.1,0.492,24.1,29.0,0.833,10.1,31.6,41.7,17.7,5.6,3.0,15.3,25.9,96.1,2014
10,11.0,Brooklyn Nets,12,240.0,34.8,75.1,0.463,7.8,22.7,0.342,27.0,52.4,0.515,18.3,24.8,0.737,10.0,27.8,37.8,18.3,6.9,2.8,12.3,22.3,95.5,2014
11,12.0,Atlanta Hawks,7,240.0,30.3,78.7,0.385,11.3,32.9,0.343,19.0,45.9,0.414,20.6,24.9,0.828,9.1,30.1,39.3,16.9,6.6,4.6,13.6,20.9,92.4,2014
12,13.0,Charlotte Hornets,4,240.0,33.8,75.3,0.449,7.8,21.3,0.365,26.0,54.0,0.481,16.8,23.5,0.713,8.3,31.5,39.8,19.8,4.3,4.5,15.0,20.3,92.0,2014
13,14.0,Indiana Pacers,19,240.0,33.6,74.5,0.451,7.3,19.3,0.38,26.3,55.3,0.476,17.0,23.4,0.727,8.2,31.3,39.5,18.8,7.1,4.2,13.6,20.7,91.6,2014
14,15.0,Washington Wizards,11,242.3,34.5,79.7,0.432,5.6,16.8,0.335,28.8,62.9,0.458,15.8,22.7,0.696,11.7,33.2,44.9,19.5,7.5,5.6,12.8,22.3,90.4,2014
15,16.0,Chicago Bulls,5,245.0,33.2,78.6,0.422,6.4,19.2,0.333,26.8,59.4,0.451,17.2,22.8,0.754,12.2,29.6,41.8,20.2,5.0,4.4,13.2,22.0,90.0,2014
0,1.0,Dallas Mavericks,5,240.0,41.6,92.0,0.452,7.6,24.4,0.311,34.0,67.6,0.503,19.2,25.2,0.762,13.6,33.8,47.4,21.2,7.0,4.6,14.2,27.2,110.0,2015
1,2.0,Houston Rockets,17,240.0,37.4,83.4,0.448,9.5,27.5,0.344,27.9,55.8,0.499,24.0,36.7,0.654,10.9,34.8,45.7,21.9,8.4,5.5,15.5,23.4,108.2,2015
2,3.0,Los Angeles Clippers,14,241.8,39.5,84.8,0.466,8.4,25.4,0.329,31.1,59.4,0.525,20.4,30.6,0.667,9.6,35.0,44.6,22.5,8.6,5.9,13.1,24.8,107.8,2015
3,4.0,San Antonio Spurs,7,243.6,38.3,85.3,0.449,9.6,26.1,0.366,28.7,59.1,0.486,17.3,25.4,0.68,11.7,34.7,46.4,24.1,6.1,4.7,12.1,24.9,103.4,2015
4,5.0,Golden State Warriors,21,243.6,38.2,84.2,0.453,11.4,30.5,0.374,26.8,53.7,0.498,15.5,22.1,0.699,11.6,34.0,45.6,24.5,8.0,5.8,14.6,22.4,103.3,2015
5,6.0,Washington Wizards,10,242.5,37.3,84.5,0.441,9.4,23.3,0.403,27.9,61.2,0.456,17.1,23.7,0.722,11.6,35.6,47.2,23.1,7.1,5.3,14.5,20.0,101.1,2015
6,7.0,New Orleans Pelicans,4,246.3,38.0,84.3,0.451,6.8,21.3,0.318,31.3,63.0,0.496,18.0,22.3,0.809,10.8,31.3,42.0,23.3,7.5,5.8,13.5,23.8,100.8,2015
7,8.0,Cleveland Cavaliers,20,243.8,34.7,82.7,0.42,9.8,28.7,0.34,25.0,54.0,0.462,19.9,26.9,0.738,12.3,34.9,47.1,18.0,6.3,6.4,13.0,20.9,99.0,2015
8,9.0,Atlanta Hawks,16,243.1,36.9,85.6,0.431,9.1,28.6,0.317,27.8,56.9,0.488,15.2,19.4,0.781,9.8,33.9,43.7,23.8,8.5,4.9,12.7,19.7,98.0,2015
9,10.0,Brooklyn Nets,6,244.2,36.2,83.2,0.435,8.5,24.0,0.354,27.7,59.2,0.468,15.5,20.8,0.744,9.5,35.0,44.5,21.7,7.5,3.3,14.3,19.0,96.3,2015
10,11.0,Toronto Raptors,4,246.3,36.8,88.3,0.416,7.5,25.0,0.3,29.3,63.3,0.462,15.3,21.3,0.718,8.8,29.8,38.5,19.5,7.5,2.3,12.0,25.0,96.3,2015
11,12.0,Chicago Bulls,12,244.2,35.1,83.8,0.419,9.2,24.6,0.373,25.9,59.2,0.438,16.7,21.5,0.775,11.7,33.8,45.4,22.2,7.2,6.6,14.0,18.8,96.0,2015
12,13.0,Boston Celtics,4,240.0,34.8,82.8,0.42,5.5,21.5,0.256,29.3,61.3,0.478,19.8,25.5,0.775,10.0,30.8,40.8,20.0,5.3,3.8,13.5,26.8,94.8,2015
13,14.0,Memphis Grizzlies,11,240.0,35.7,84.1,0.425,4.4,14.0,0.312,31.4,70.1,0.447,18.9,22.7,0.832,10.5,32.9,43.5,20.4,8.6,4.1,11.0,19.4,94.7,2015
14,15.0,Portland Trail Blazers,5,240.0,33.4,83.6,0.4,9.2,26.2,0.351,24.2,57.4,0.422,17.8,21.6,0.824,10.0,34.2,44.2,16.6,3.4,5.2,11.6,20.6,93.8,2015
15,16.0,Milwaukee Bucks,6,248.3,34.2,88.2,0.388,5.5,18.2,0.303,28.7,70.0,0.41,14.7,20.8,0.704,12.2,31.5,43.7,20.3,10.8,6.7,13.2,21.2,88.5,2015
0,1.0,Golden State Warriors,24,241.0,38.9,85.6,0.455,12.8,32.4,0.393,26.2,53.2,0.492,17.1,23.3,0.735,10.5,32.7,43.2,24.3,8.0,5.5,14.0,22.0,107.7,2016
1,2.0,Oklahoma City Thunder,18,240.0,38.2,84.5,0.452,8.3,24.9,0.333,29.9,59.6,0.502,21.7,27.6,0.786,12.5,34.4,46.9,20.5,7.7,5.4,13.9,20.3,106.4,2016
2,3.0,Portland Trail Blazers,11,242.3,37.1,89.1,0.416,11.9,31.3,0.381,25.2,57.8,0.436,18.9,25.5,0.74,12.9,34.7,47.6,21.5,6.2,3.9,13.1,23.5,105.0,2016
3,4.0,Cleveland Cavaliers,21,240.0,38.3,81.8,0.469,12.3,30.2,0.406,26.0,51.5,0.506,15.8,21.8,0.725,10.7,32.6,43.3,21.2,7.8,4.2,12.5,19.6,104.8,2016
4,5.0,San Antonio Spurs,10,240.0,38.7,82.5,0.469,8.2,19.1,0.429,30.5,63.4,0.481,16.4,20.5,0.8,7.9,31.6,39.5,21.3,9.1,7.0,11.6,18.2,102.0,2016
5,6.0,Atlanta Hawks,10,242.5,36.6,84.8,0.432,10.6,31.8,0.333,26.0,53.0,0.491,16.3,20.5,0.795,8.9,35.4,44.3,22.6,7.5,7.6,14.4,20.2,100.1,2016
6,7.0,Los Angeles Clippers,6,240.0,37.2,85.0,0.437,5.7,19.5,0.291,31.5,65.5,0.481,18.3,29.3,0.625,11.3,34.8,46.2,18.2,8.5,4.7,9.7,20.5,98.3,2016
7,8.0,Miami Heat,14,245.4,36.9,80.5,0.458,6.9,19.1,0.358,30.0,61.4,0.489,16.3,21.3,0.765,9.1,35.1,44.2,16.4,5.4,5.9,13.1,21.2,96.9,2016
8,9.0,Detroit Pistons,4,240.0,36.0,75.3,0.478,8.8,23.3,0.376,27.3,52.0,0.524,14.3,22.0,0.648,7.0,30.8,37.8,21.8,5.3,3.3,10.5,19.0,95.0,2016
9,10.0,Boston Celtics,6,244.2,34.3,89.5,0.384,8.7,31.5,0.275,25.7,58.0,0.443,16.5,21.0,0.786,10.7,35.3,46.0,21.0,6.3,6.5,14.7,22.0,93.8,2016
10,11.0,Dallas Mavericks,5,240.0,35.4,81.2,0.436,6.2,21.4,0.29,29.2,59.8,0.488,16.8,24.2,0.694,9.2,25.8,35.0,20.6,6.0,2.4,11.8,24.0,93.8,2016
11,12.0,Indiana Pacers,7,240.0,33.0,74.9,0.441,8.1,21.3,0.383,24.9,53.6,0.464,19.6,23.9,0.82,9.1,30.1,39.3,18.1,7.6,5.6,14.4,22.3,93.7,2016
12,13.0,Toronto Raptors,20,243.8,34.3,81.4,0.421,6.9,23.0,0.298,27.4,58.5,0.469,18.1,24.5,0.737,10.8,29.6,40.4,15.7,7.5,3.7,13.0,21.9,93.4,2016
13,14.0,Houston Rockets,5,240.0,33.0,85.6,0.386,7.6,28.4,0.268,25.4,57.2,0.444,17.6,27.4,0.642,14.4,33.0,47.4,18.0,8.4,4.2,19.0,25.6,91.2,2016
14,15.0,Charlotte Hornets,7,240.0,31.9,80.4,0.396,5.7,18.6,0.308,26.1,61.9,0.423,20.9,24.9,0.839,7.1,29.7,36.9,13.6,5.7,3.3,9.4,17.4,90.3,2016
15,16.0,Memphis Grizzlies,4,240.0,32.0,81.3,0.394,4.8,16.0,0.297,27.3,65.3,0.418,12.3,17.5,0.7,13.8,27.3,41.0,16.5,7.8,4.0,15.5,21.5,81.0,2016
0,1.0,Golden State Warriors,17,240.0,42.9,87.0,0.494,12.7,32.9,0.386,30.2,54.1,0.559,20.7,25.4,0.815,9.3,36.5,45.8,28.2,8.7,6.1,13.6,21.8,119.3,2017
1,2.0,Cleveland Cavaliers,18,240.0,40.9,83.1,0.493,14.2,33.9,0.42,26.7,49.2,0.544,20.1,26.2,0.767,9.2,32.9,42.2,22.1,7.4,4.7,13.1,18.8,116.2,2017
2,3.0,Indiana Pacers,4,240.0,40.5,87.0,0.466,11.3,28.8,0.391,29.3,58.3,0.502,16.5,21.5,0.767,11.8,30.3,42.0,22.5,8.0,3.8,13.3,22.8,108.8,2017
3,4.0,Washington Wizards,13,241.9,40.1,87.6,0.457,8.4,26.5,0.317,31.7,61.2,0.518,19.5,24.6,0.794,11.2,31.8,43.0,22.8,7.9,6.6,13.8,23.0,108.1,2017
4,5.0,Houston Rockets,11,242.3,37.3,85.0,0.439,12.8,38.5,0.333,24.5,46.5,0.525,20.4,25.8,0.789,9.9,33.0,42.9,19.5,7.7,4.6,14.0,20.9,107.7,2017
5,6.0,San Antonio Spurs,16,243.1,40.0,86.6,0.462,8.6,24.4,0.35,31.4,62.1,0.506,18.5,23.9,0.773,12.8,31.7,44.4,21.3,7.8,4.7,12.8,18.8,107.1,2017
6,7.0,Atlanta Hawks,6,240.0,37.5,84.5,0.444,8.3,27.3,0.305,29.2,57.2,0.51,22.2,29.0,0.764,11.3,33.0,44.3,22.3,6.0,3.3,16.0,21.3,105.5,2017
7,8.0,Boston Celtics,18,241.4,38.4,84.1,0.457,12.7,34.4,0.369,25.7,49.6,0.517,15.7,20.3,0.773,9.4,28.5,37.9,26.9,7.7,4.1,13.4,20.8,105.2,2017
8,9.0,Oklahoma City Thunder,5,240.0,38.6,87.4,0.442,8.4,27.0,0.311,30.2,60.4,0.5,18.6,27.0,0.689,12.2,31.4,43.6,19.8,8.4,8.0,12.8,22.2,104.2,2017
9,10.0,Portland Trail Blazers,4,240.0,35.5,89.5,0.397,11.0,34.0,0.324,24.5,55.5,0.441,19.5,24.3,0.804,10.0,34.0,44.0,15.8,7.3,4.8,15.3,21.8,101.5,2017
10,11.0,Utah Jazz,11,240.0,35.6,78.4,0.455,9.5,25.9,0.365,26.2,52.5,0.499,17.1,23.4,0.732,6.7,32.4,39.1,19.7,7.4,3.2,12.1,21.1,97.8,2017
11,12.0,Los Angeles Clippers,7,240.0,36.4,77.0,0.473,8.1,23.4,0.348,28.3,53.6,0.528,16.7,24.0,0.696,7.7,30.1,37.9,18.4,6.3,2.4,12.1,20.3,97.7,2017
12,13.0,Toronto Raptors,10,240.0,35.3,79.5,0.444,7.8,23.5,0.332,27.5,56.0,0.491,18.3,22.5,0.813,6.8,32.5,39.3,19.6,7.4,4.4,12.9,20.9,96.7,2017
13,14.0,Chicago Bulls,6,240.0,36.3,82.5,0.44,7.0,23.5,0.298,29.3,59.0,0.497,16.8,19.8,0.849,12.5,34.2,46.7,20.0,7.2,5.2,15.3,18.3,96.5,2017
14,15.0,Memphis Grizzlies,6,244.2,34.7,77.2,0.449,9.3,24.2,0.386,25.3,53.0,0.478,17.7,20.3,0.869,7.7,27.8,35.5,18.8,5.2,2.5,11.3,22.2,96.3,2017
15,16.0,Milwaukee Bucks,6,240.0,34.8,78.2,0.446,9.0,21.7,0.415,25.8,56.5,0.457,14.5,20.8,0.696,8.2,29.8,38.0,21.2,8.2,5.0,13.3,21.3,93.2,2017
0,1.0,Golden State Warriors,21,241.2,41.2,86.0,0.48,11.2,31.4,0.357,30.0,54.6,0.55,16.8,20.4,0.822,9.1,35.9,45.0,26.0,7.9,5.8,12.9,19.7,110.4,2018
1,2.0,New Orleans Pelicans,9,240.0,42.9,89.8,0.478,9.9,27.0,0.366,33.0,62.8,0.526,14.3,18.3,0.782,7.9,37.7,45.6,26.9,8.1,5.0,14.4,19.3,110.0,2018
2,3.0,Philadelphia 76ers,10,242.5,38.7,88.5,0.437,9.9,29.3,0.338,28.8,59.2,0.486,21.5,28.3,0.76,13.4,36.1,49.5,25.8,7.8,4.1,14.6,22.8,108.8,2018
3,4.0,Toronto Raptors,10,242.5,38.9,82.3,0.473,10.4,26.7,0.39,28.5,55.6,0.513,19.1,23.9,0.799,9.4,30.7,40.1,21.8,5.7,6.1,14.0,22.6,107.3,2018
4,5.0,Washington Wizards,6,240.0,39.7,85.2,0.466,8.0,21.8,0.366,31.7,63.3,0.5,19.8,23.3,0.85,8.5,31.5,40.0,23.3,7.8,5.2,13.5,21.0,107.2,2018
5,6.0,Portland Trail Blazers,4,240.0,41.3,91.0,0.453,10.8,32.3,0.333,30.5,58.8,0.519,12.3,15.8,0.778,11.3,32.3,43.5,19.0,8.3,3.8,14.5,20.5,105.5,2018
6,7.0,Houston Rockets,17,240.0,37.2,85.3,0.436,13.4,39.8,0.337,23.8,45.5,0.522,17.2,22.2,0.772,8.8,34.2,43.0,18.8,8.1,5.5,12.1,19.1,104.9,2018
7,8.0,Miami Heat,5,240.0,36.6,82.8,0.442,10.8,27.6,0.391,25.8,55.2,0.467,19.4,28.6,0.678,9.6,31.4,41.0,23.8,8.8,6.4,16.0,29.2,103.4,2018
8,9.0,Utah Jazz,11,240.0,37.7,82.9,0.455,10.7,29.9,0.359,27.0,53.0,0.509,16.2,23.5,0.687,9.4,35.6,45.0,20.3,7.5,5.0,15.5,20.5,102.4,2018
9,10.0,Milwaukee Bucks,7,243.6,39.1,78.3,0.5,9.6,25.7,0.372,29.6,52.6,0.563,14.0,19.9,0.705,5.6,33.0,38.6,22.0,6.6,6.7,13.1,22.9,101.9,2018
10,11.0,Minnesota Timberwolves,5,240.0,38.0,82.6,0.46,9.0,21.8,0.413,29.0,60.8,0.477,16.6,22.8,0.728,8.6,36.6,45.2,22.4,5.0,3.2,12.6,18.2,101.6,2018
11,12.0,Boston Celtics,19,242.6,36.4,83.3,0.437,10.5,30.6,0.343,25.9,52.7,0.493,18.1,23.5,0.767,8.8,32.8,41.7,21.2,6.8,4.1,11.6,20.4,101.4,2018
12,13.0,Oklahoma City Thunder,6,240.0,37.2,86.5,0.43,10.5,28.8,0.364,26.7,57.7,0.462,16.3,21.2,0.772,9.3,34.7,44.0,16.3,8.8,4.2,14.0,21.7,101.2,2018
13,14.0,Cleveland Cavaliers,22,242.3,36.9,81.9,0.45,10.0,30.3,0.331,26.8,51.5,0.52,17.4,23.1,0.752,9.8,31.6,41.4,19.2,6.0,4.4,12.7,19.5,101.1,2018
14,15.0,Indiana Pacers,7,240.0,38.6,80.1,0.481,9.7,27.1,0.358,28.9,53.0,0.544,13.7,19.3,0.711,8.1,31.9,40.0,21.1,8.1,2.7,13.1,21.9,100.6,2018
15,16.0,San Antonio Spurs,5,240.0,34.6,83.8,0.413,8.4,28.2,0.298,26.2,55.6,0.471,19.2,23.0,0.835,8.4,29.2,37.6,19.0,7.6,3.0,11.0,20.4,96.8,2018
0,1.0,Los Angeles Clippers,6,240.0,39.8,89.2,0.447,11.5,31.7,0.363,28.3,57.5,0.493,23.5,28.8,0.815,10.0,30.2,40.2,25.3,8.0,3.3,15.0,25.0,114.7,2019
1,2.0,Golden State Warriors,22,242.3,41.1,86.1,0.477,12.2,32.7,0.372,28.9,53.4,0.541,19.8,24.3,0.813,10.1,33.2,43.3,28.4,7.4,5.7,14.9,23.2,114.1,2019
2,3.0,Milwaukee Bucks,15,243.3,39.8,88.4,0.45,12.8,38.1,0.336,27.0,50.3,0.536,20.4,28.0,0.729,10.1,41.8,51.9,25.0,6.7,6.4,12.9,21.8,112.8,2019
3,4.0,Brooklyn Nets,5,240.0,38.4,91.4,0.42,11.0,34.0,0.324,27.4,57.4,0.477,23.6,29.2,0.808,11.4,29.2,40.6,19.2,7.4,2.8,14.2,22.8,111.4,2019
4,5.0,Portland Trail Blazers,16,247.8,39.4,90.4,0.436,11.8,32.8,0.36,27.6,57.6,0.479,19.0,24.8,0.766,11.4,33.8,45.3,19.8,6.8,5.2,12.9,22.8,109.7,2019
5,6.0,Denver Nuggets,14,247.1,39.9,90.3,0.442,9.6,27.8,0.344,30.4,62.5,0.486,19.7,25.2,0.782,13.1,34.6,47.7,24.0,5.7,4.6,9.7,21.3,109.1,2019
6,7.0,Philadelphia 76ers,12,240.0,39.4,85.8,0.459,9.4,28.4,0.331,30.0,57.4,0.522,20.4,25.8,0.79,11.4,37.1,48.5,24.4,6.3,5.5,16.4,22.4,108.7,2019
7,8.0,Houston Rockets,11,242.3,37.2,83.8,0.444,15.6,42.7,0.366,21.5,41.1,0.524,18.5,24.3,0.764,9.6,33.3,42.9,18.3,8.5,5.1,15.8,21.6,108.5,2019
8,9.0,Toronto Raptors,24,242.1,37.7,84.8,0.444,11.9,34.5,0.346,25.8,50.3,0.512,19.3,23.3,0.83,8.3,34.0,42.3,22.5,8.0,4.6,12.0,22.6,106.6,2019
9,10.0,Oklahoma City Thunder,5,240.0,37.8,86.0,0.44,10.4,31.4,0.331,27.4,54.6,0.502,19.2,25.4,0.756,10.2,33.0,43.2,22.6,6.6,5.4,15.2,24.2,105.2,2019
10,11.0,San Antonio Spurs,7,240.0,39.4,85.1,0.463,6.7,19.9,0.338,32.7,65.3,0.501,17.7,23.0,0.77,10.7,34.4,45.1,21.1,4.6,4.0,8.4,19.4,103.3,2019
11,12.0,Boston Celtics,9,240.0,35.7,84.1,0.424,11.3,33.0,0.343,24.3,51.1,0.476,19.4,24.2,0.803,7.4,40.6,48.0,21.4,5.7,3.9,14.8,20.8,102.1,2019
12,13.0,Detroit Pistons,4,240.0,37.5,96.8,0.388,11.0,33.3,0.331,26.5,63.5,0.417,12.0,16.5,0.727,10.8,31.5,42.3,23.0,7.3,4.0,10.5,24.3,98.0,2019
13,14.0,Utah Jazz,5,240.0,34.6,86.4,0.4,9.4,35.8,0.263,25.2,50.6,0.498,19.2,25.6,0.75,11.8,35.4,47.2,23.0,9.2,5.4,15.2,21.8,97.8,2019
14,15.0,Orlando Magic,5,240.0,32.2,83.0,0.388,10.4,34.8,0.299,21.8,48.2,0.452,17.2,22.2,0.775,9.6,33.8,43.4,19.0,6.6,4.0,15.6,18.8,92.0,2019
15,16.0,Indiana Pacers,4,240.0,33.5,83.5,0.401,10.0,29.8,0.336,23.5,53.8,0.437,14.8,20.5,0.72,8.0,32.3,40.3,20.8,8.3,3.5,12.0,20.0,91.8,2019
0,1.0,Dallas Mavericks,6,244.2,42.2,89.2,0.473,13.5,37.5,0.36,28.7,51.7,0.555,19.2,26.5,0.723,7.7,35.5,43.2,21.5,6.5,3.7,12.7,22.5,117.0,2020
1,2.0,Los Angeles Clippers,13,241.9,40.9,86.4,0.474,12.1,32.8,0.368,28.8,53.5,0.539,20.1,25.2,0.798,9.5,34.5,44.0,21.2,7.5,3.7,13.0,22.9,114.0,2020
2,3.0,Utah Jazz,7,243.6,39.9,81.9,0.487,15.7,37.3,0.421,24.1,44.6,0.542,18.0,23.3,0.773,9.3,31.9,41.1,21.4,6.1,3.1,12.0,19.0,113.4,2020
3,4.0,Los Angeles Lakers,21,240.0,41.0,84.0,0.489,12.1,34.2,0.354,29.0,49.8,0.581,18.6,24.6,0.758,10.6,33.5,44.1,25.6,8.0,5.3,15.4,22.7,112.8,2020
4,5.0,Milwaukee Bucks,10,242.5,40.1,87.1,0.46,13.3,37.1,0.358,26.8,50.0,0.536,17.6,24.3,0.724,9.4,37.3,46.7,24.3,7.2,4.2,14.9,21.7,111.1,2020
5,6.0,Miami Heat,21,242.4,37.7,82.0,0.46,12.8,35.5,0.359,25.0,46.5,0.536,21.8,26.4,0.825,7.8,33.6,41.3,24.9,6.9,3.9,13.2,19.9,110.0,2020
6,7.0,Boston Celtics,17,244.4,38.6,84.9,0.454,12.4,36.4,0.341,26.2,48.5,0.539,19.8,24.2,0.816,8.8,36.5,45.2,22.6,6.7,4.8,13.9,22.3,109.4,2020
7,8.0,Toronto Raptors,11,244.5,39.1,88.5,0.442,14.6,40.3,0.363,24.5,48.2,0.508,16.5,21.3,0.778,8.2,36.5,44.6,24.8,7.1,5.5,13.1,22.5,109.4,2020
8,9.0,Houston Rockets,12,242.1,37.4,85.8,0.436,16.9,46.8,0.362,20.5,39.0,0.526,15.9,20.2,0.789,6.7,32.2,38.8,21.3,9.1,3.5,13.4,22.2,107.7,2020
9,10.0,Denver Nuggets,19,241.3,38.8,82.5,0.471,12.3,32.4,0.379,26.6,50.2,0.53,17.5,21.4,0.816,9.3,31.4,40.6,22.5,6.2,4.0,13.9,22.4,107.4,2020
10,11.0,Orlando Magic,5,240.0,37.2,88.6,0.42,15.0,39.8,0.377,22.2,48.8,0.455,17.6,21.0,0.838,6.6,36.4,43.0,23.8,6.8,3.2,14.6,21.0,107.0,2020
11,12.0,Portland Trail Blazers,5,240.0,37.6,88.2,0.426,11.6,30.6,0.379,26.0,57.6,0.451,19.8,25.0,0.792,9.8,33.0,42.8,17.8,7.4,3.6,16.0,25.0,106.6,2020
12,13.0,Brooklyn Nets,4,240.0,36.3,91.3,0.397,15.5,46.0,0.337,20.8,45.3,0.459,17.8,24.5,0.724,9.3,35.0,44.3,25.8,5.0,4.5,14.5,21.3,105.8,2020
13,14.0,Oklahoma City Thunder,7,243.6,36.7,85.4,0.43,12.0,36.6,0.328,24.7,48.9,0.506,18.6,24.0,0.774,9.0,40.9,49.9,17.9,5.3,4.0,17.0,17.1,104.0,2020
14,15.0,Indiana Pacers,4,240.0,36.5,80.3,0.455,12.0,32.0,0.375,24.5,48.3,0.508,15.8,20.3,0.778,5.8,30.8,36.5,22.5,9.3,5.5,15.3,23.3,100.8,2020
15,16.0,Philadelphia 76ers,4,240.0,33.3,84.0,0.396,8.0,30.3,0.264,25.3,53.8,0.47,26.0,32.0,0.813,12.3,33.8,46.0,17.5,5.0,4.5,12.0,22.3,100.5,2020
0,1.0,Portland Trail Blazers,6,248.3,42.0,88.3,0.475,16.2,39.2,0.413,25.8,49.2,0.525,19.3,22.7,0.853,9.3,32.3,41.7,22.8,5.2,5.5,11.8,23.2,119.5,2021
1,2.0,Utah Jazz,11,240.0,39.7,84.2,0.472,18.0,43.6,0.413,21.7,40.5,0.536,19.5,24.3,0.801,9.4,33.0,42.4,19.6,5.2,4.1,13.5,21.5,116.9,2021
2,3.0,Philadelphia 76ers,12,240.0,42.5,85.8,0.496,11.2,28.4,0.393,31.3,57.3,0.547,20.1,29.3,0.685,9.0,35.7,44.7,24.9,8.0,6.2,12.8,23.0,116.3,2021
3,4.0,Memphis Grizzlies,5,240.0,44.2,94.4,0.468,10.4,31.6,0.329,33.8,62.8,0.538,16.2,20.4,0.794,11.2,30.0,41.2,22.0,8.0,4.0,10.4,20.6,115.0,2021
4,5.0,Denver Nuggets,10,245.0,42.1,92.2,0.457,14.7,38.5,0.382,27.4,53.7,0.51,15.9,20.9,0.761,11.7,31.9,43.6,24.9,6.1,4.3,11.2,20.4,114.8,2021
5,6.0,Brooklyn Nets,12,242.1,40.7,86.2,0.472,13.6,35.6,0.382,27.1,50.6,0.535,17.6,20.3,0.868,8.3,34.3,42.6,22.6,7.1,4.8,11.6,21.2,112.5,2021
6,7.0,Boston Celtics,5,240.0,38.4,88.2,0.435,12.8,36.6,0.35,25.6,51.6,0.496,22.6,27.4,0.825,12.6,28.8,41.4,21.0,6.4,7.0,13.0,21.0,112.2,2021
7,8.0,Los Angeles Clippers,19,240.0,39.1,81.9,0.477,13.8,36.4,0.381,25.3,45.6,0.554,19.5,23.7,0.823,8.8,32.4,41.2,20.8,6.8,4.3,10.7,19.5,111.6,2021
8,9.0,Milwaukee Bucks,23,242.2,42.1,91.1,0.462,11.2,35.0,0.321,30.9,56.1,0.55,14.9,20.8,0.718,12.8,36.1,49.0,22.8,7.8,4.2,12.7,18.0,110.3,2021
9,10.0,Washington Wizards,5,240.0,40.6,88.6,0.458,7.0,24.2,0.289,33.6,64.4,0.522,21.8,29.0,0.752,10.6,32.8,43.4,22.4,4.8,4.8,13.4,24.0,110.0,2021
10,11.0,Phoenix Suns,22,240.0,40.9,85.0,0.481,11.2,29.7,0.376,29.7,55.3,0.537,16.0,18.6,0.861,8.0,34.7,42.7,23.2,6.5,4.2,11.9,19.7,109.0,2021
11,12.0,Atlanta Hawks,18,240.0,38.9,86.8,0.449,11.7,34.2,0.343,27.2,52.6,0.517,16.7,20.9,0.798,9.1,33.3,42.4,20.2,6.7,4.4,12.4,21.2,106.3,2021
12,13.0,Dallas Mavericks,7,240.0,39.1,86.0,0.455,13.6,35.0,0.388,25.6,51.0,0.501,14.1,20.0,0.707,10.3,30.3,40.6,20.7,5.6,2.1,11.0,20.3,106.0,2021
13,14.0,Miami Heat,4,246.3,35.3,89.3,0.395,12.0,35.8,0.336,23.3,53.5,0.435,15.5,20.3,0.765,9.0,33.3,42.3,21.5,7.3,3.5,14.0,20.5,98.0,2021
14,15.0,Los Angeles Lakers,6,240.0,34.3,83.0,0.414,9.8,32.8,0.299,24.5,50.2,0.488,19.0,24.5,0.776,10.5,32.7,43.2,19.3,6.7,4.0,13.8,20.5,97.5,2021
15,16.0,New York Knicks,5,240.0,34.4,86.4,0.398,10.4,30.4,0.342,24.0,56.0,0.429,17.8,21.8,0.817,11.8,34.6,46.4,18.6,5.8,2.8,12.2,19.8,97.0,2021
0,1.0,Memphis Grizzlies,12,240.0,39.8,91.3,0.435,13.1,35.8,0.365,26.7,55.5,0.48,19.9,27.1,0.735,12.4,33.4,45.8,25.2,9.2,6.1,14.0,20.8,112.5,2022
1,2.0,Golden State Warriors,22,240.0,41.4,86.1,0.48,14.0,37.3,0.375,27.4,48.8,0.561,15.1,19.8,0.766,9.8,34.1,43.9,27.0,7.7,5.0,14.5,21.5,111.9,2022
2,3.0,Denver Nuggets,5,240.0,39.4,82.8,0.476,11.2,31.4,0.357,28.2,51.4,0.549,20.0,25.2,0.794,11.2,30.6,41.8,25.0,7.0,3.4,16.4,25.0,110.0,2022
3,4.0,New Orleans Pelicans,6,240.0,39.0,84.3,0.462,9.3,26.3,0.354,29.7,58.0,0.511,22.5,28.8,0.78,15.2,30.5,45.7,21.3,6.3,3.5,14.5,21.2,109.8,2022
4,5.0,Minnesota Timberwolves,6,240.0,36.3,82.0,0.443,13.8,35.7,0.388,22.5,46.3,0.486,22.7,28.0,0.81,7.0,33.0,40.0,22.8,8.2,7.8,17.7,26.8,109.2,2022
5,6.0,Brooklyn Nets,4,240.0,39.3,78.0,0.503,11.5,27.3,0.422,27.8,50.8,0.547,19.0,25.8,0.738,8.5,25.5,34.0,22.3,8.0,6.5,15.3,24.8,109.0,2022
6,7.0,Phoenix Suns,13,240.0,41.2,82.8,0.497,9.8,27.2,0.363,31.3,55.6,0.563,15.5,18.9,0.817,9.5,30.7,40.2,25.7,6.6,3.8,13.3,22.5,107.6,2022
7,8.0,Dallas Mavericks,18,240.0,36.3,80.8,0.449,15.8,41.5,0.38,20.5,39.3,0.521,18.0,23.3,0.771,6.5,30.0,36.5,19.2,7.2,2.8,10.2,21.1,106.3,2022
8,9.0,Boston Celtics,24,240.0,36.7,81.8,0.449,13.7,36.6,0.373,23.0,45.1,0.511,18.5,23.2,0.797,9.0,33.9,42.9,24.5,6.4,6.3,14.7,20.7,105.5,2022
9,10.0,Philadelphia 76ers,12,242.1,36.4,78.3,0.465,12.4,33.3,0.373,24.0,44.9,0.534,19.3,22.7,0.849,7.7,31.3,39.0,21.8,6.1,4.3,14.8,20.6,104.5,2022
10,11.0,Miami Heat,18,240.0,38.0,85.3,0.445,10.9,34.8,0.313,27.1,50.6,0.536,17.3,21.6,0.804,9.8,31.2,41.1,21.9,8.3,3.7,12.9,21.4,104.2,2022
11,12.0,Toronto Raptors,6,244.2,38.3,86.0,0.446,9.8,32.8,0.299,28.5,53.2,0.536,16.7,21.0,0.794,10.0,27.5,37.5,20.7,6.7,4.8,10.0,22.2,103.2,2022
12,13.0,Milwaukee Bucks,12,240.0,38.5,88.0,0.438,10.6,32.3,0.327,27.9,55.7,0.501,15.2,20.8,0.731,9.8,40.7,50.4,20.8,6.3,4.5,13.8,19.2,102.8,2022
13,14.0,Utah Jazz,6,240.0,35.0,79.0,0.443,8.2,29.8,0.274,26.8,49.2,0.546,20.8,26.5,0.786,9.3,35.5,44.8,17.2,4.0,3.7,11.8,22.0,99.0,2022
14,15.0,Atlanta Hawks,5,240.0,34.4,78.2,0.44,11.4,35.0,0.326,23.0,43.2,0.532,17.2,22.0,0.782,8.6,30.8,39.4,18.6,5.8,2.4,16.4,21.6,97.4,2022
15,16.0,Chicago Bulls,5,240.0,36.4,90.2,0.404,10.4,36.8,0.283,26.0,53.4,0.487,12.0,14.4,0.833,8.2,35.8,44.0,23.0,7.8,3.2,13.0,18.6,95.2,2022
0,1.0,Milwaukee Bucks,5,245.0,44.0,92.6,0.475,15.6,41.2,0.379,28.4,51.4,0.553,15.2,21.4,0.71,10.2,34.2,44.4,26.8,6.6,3.6,14.4,18.8,118.8,2023
1,2.0,Atlanta Hawks,6,240.0,44.0,96.3,0.457,14.0,37.3,0.375,30.0,59.0,0.508,13.8,17.0,0.814,12.2,31.7,43.8,24.5,7.7,4.8,12.8,16.3,115.8,2023
2,3.0,Los Angeles Clippers,5,240.0,40.8,88.6,0.46,12.2,33.8,0.361,28.6,54.8,0.522,21.8,26.4,0.826,11.8,28.2,40.0,21.6,6.6,4.2,14.0,23.0,115.6,2023
3,4.0,Phoenix Suns,11,240.0,43.1,86.8,0.496,9.4,25.8,0.363,33.7,61.0,0.553,18.6,23.4,0.798,9.2,30.8,40.0,24.5,6.3,5.6,12.1,22.0,114.2,2023
4,5.0,Sacramento Kings,7,240.0,41.0,95.6,0.429,12.1,39.7,0.306,28.9,55.9,0.517,19.6,25.7,0.761,14.0,33.7,47.7,22.0,7.7,4.3,14.1,22.6,113.7,2023
5,6.0,Denver Nuggets,20,241.3,42.3,86.0,0.492,11.3,30.0,0.375,31.0,56.0,0.554,17.7,22.1,0.801,10.1,34.7,44.8,25.8,6.9,4.2,11.6,19.3,113.5,2023
6,7.0,Golden State Warriors,13,240.0,41.9,93.6,0.448,14.5,42.5,0.34,27.5,51.1,0.538,14.8,19.7,0.75,12.5,34.5,47.1,28.2,7.2,4.6,14.4,22.9,113.1,2023
7,8.0,Los Angeles Lakers,16,241.6,41.1,87.1,0.471,10.1,30.3,0.335,30.9,56.9,0.544,20.1,24.8,0.809,9.1,35.6,44.6,24.9,6.8,6.4,11.9,17.4,112.3,2023
8,9.0,Boston Celtics,20,241.3,40.9,85.5,0.478,14.1,38.7,0.364,26.8,46.9,0.572,16.2,20.0,0.81,9.5,33.6,43.1,24.2,6.0,6.4,12.4,17.2,112.0,2023
9,10.0,Miami Heat,23,241.1,39.7,86.8,0.458,12.8,33.7,0.38,27.0,53.2,0.507,16.1,19.8,0.813,9.2,31.0,40.3,23.6,7.0,3.6,11.7,20.1,108.3,2023
10,11.0,Minnesota Timberwolves,5,245.0,37.8,82.6,0.458,11.2,32.2,0.348,26.6,50.4,0.528,18.6,24.2,0.769,8.4,30.8,39.2,22.6,6.6,4.8,12.8,21.6,105.4,2023
11,12.0,Memphis Grizzlies,6,244.2,38.3,95.3,0.402,12.0,38.5,0.312,26.3,56.8,0.463,16.0,19.2,0.835,13.2,33.3,46.5,23.3,6.7,3.5,13.0,20.5,104.7,2023
12,13.0,Philadelphia 76ers,11,242.3,36.7,84.0,0.437,12.2,33.9,0.359,24.5,50.1,0.49,16.9,19.1,0.886,10.0,33.0,43.0,19.1,7.6,5.3,12.4,18.7,102.5,2023
13,14.0,New York Knicks,11,240.0,35.3,81.5,0.433,9.5,32.7,0.292,25.7,48.7,0.528,20.0,26.8,0.746,12.9,32.5,45.4,18.7,7.0,4.5,14.6,19.5,100.1,2023
14,15.0,Cleveland Cavaliers,5,240.0,35.2,78.4,0.449,10.0,30.6,0.327,25.2,47.8,0.527,13.8,18.6,0.742,9.2,28.0,37.2,22.0,6.8,4.0,15.8,20.4,94.2,2023
15,16.0,Brooklyn Nets,4,240.0,34.0,77.3,0.44,11.3,34.5,0.326,22.8,42.8,0.532,13.3,18.3,0.726,5.8,29.3,35.0,22.3,5.3,3.8,12.3,15.5,92.5,2023
